Key	Pronunciation	Lexeme	Transliteration	Definition	StrongsNumber
h1943	ho-vaw'	הֹוָה	hôvâh	another form for {{h1942}}; ruin; mischief.	h1943
h1942	hav-vaw'	הַוָּה	havvâh	from {{h1933}} (in the sense of eagerly coveting and rushing upon; by implication, of falling); desire; also ruin; calamity, iniquity, mischief, mischievous (thing), naughtiness, naughty, noisome, perverse thing, substance, very wickedness.	h1942
h1941	ho-dee-yaw'	הוֹדִיָּה	Hôwdîyâh	a form of {{h1938}}; Hodijah, the name of three Israelites; Hodijah.	h1941
h1940	ho-dee-yaw'	הוֹדִיָּה	Hôwdîyâh	a form for the feminine of {{h3064}}; a Jewess; Hodiah.	h1940
h1947	ho-lay-law'	הוֹלֵלָה	hôwlêlâh	feminine active participle of {{h1984}}; folly; madness.	h1947
h1946	hook	הוּךְ	hûwk	(Aramaic) corresponding to {{h1981}}; to go; causatively, to bring; bring again, come, go (up).	h1946
h1945	hoh'ee	הוֹי	hôwy	a prolonged form of {{h1930}} (akin to {{h188}}); oh!; ah, alas, ho, O, woe.	h1945
h1944	ho-hawm'	הוֹהָם	Hôwhâm	of uncertain derivation; Hoham, a Canaanitish king; Hoham.	h1944
h1949	hoom	הוּם	hûwm	a primitive root (compare {{h2000}}); to make an uproar, or agitate greatly; destroy, move, make a noise, put, ring again.	h1949
h1948	ho-lay-looth'	הוֹלֵלוּת	hôwlêlûwth	from active participle of {{h1984}}; folly; madness.	h1948
h1958	he	הִי	hîy	for {{h5092}}; lamentation; woe. (For hiyr. See {{h1931}}, {{h1932}}.)	h1958
h1959	hay-dawd'	הֵידָד	hêydâd	from an unused root (meaning to shout); acclamation; shout(-ing).	h1959
h1954	ho-shay'-ah	הוֹשֵׁעַ	Hôwshêaʻ	from {{h3467}}; deliverer; Hoshea, the name of five Israelites; Hosea, Hoshea, Oshea.	h1954
h1955	ho-shah-yaw'	הוֹשַׁעְיָה	Hôwshaʻyâh	from {{h3467}} and {{h3050}}; Jah has saved; Hoshajah, the name of two Israelites; Hoshaiah.	h1955
h1956	ho-theer'	הוֹתִיר	Hôwthîyr	from {{h3498}}; he has caused to remain; Hothir, an Israelite; Hothir.	h1956
h1957	haw-zaw'	הָזָה	hâzâh	a primitive root (compare {{h2372}}); to dream; sleep.	h1957
h1950	ho-mawm'	הוֹמָם	Hôwmâm	from {{h2000}}; raging; Homam, an Edomitish chieftain; Homam. Compare {{h1967}}.	h1950
h1951	hoon	הוּן	hûwn	a primitive root; properly, to be naught, i.e. (figuratively) to be (causatively, act) light; be ready.	h1951
h1952	hone	הוֹן	hôwn	from the same as {{h1951}} in the sense of {{h202}}; wealth; by implication, enough; enough,   for nought, riches, substance, wealth.	h1952
h1953	ho-shaw-maw'	הוֹשָׁמָע	Hôwshâmâʻ	from {{h3068}} and {{h8085}}; Jehovah has heard; Hoshama, an Israelite; Hoshama.	h1953
h1929	haw	הָהּ	hâhh	a shortened form of {{h162}}; ah! expressing grief; woe worth.	h1929
h1928	had-ar-eh'-zer	הֲדַרְעֶזֶר	Hădarʻezer	"from {{h1924}} and {{h5828}}; Hadar (i.e. Hadad, {{h1908}}) is his help; (i.e. Hadadezer, {{h1909}}); Hadarezer,	a Syrian king; Hadarezer."	h1928
h1921	haw-dar'	הָדַר	hâdar	a primitive root; to swell up (literally or figuratively, active or passive); by implication, to favor or honour, be high or proud; countenance, crooked place, glorious, honour, put forth.	h1921
h1920	haw-daf'	הָדַף	hâdaph	a primitive root; to push away or down; cast away (out), drive, expel, thrust (away).	h1920
h1923	had-ar'	הֲדַר	hădar	(Aramaic) from {{h1922}}; magnificence; honour, majesty.	h1923
h1922	had-ar'	הֲדַר	hădar	(Aramaic) corresponding to {{h1921}}; to magnify (figuratively); glorify, honour.	h1922
h1925	heh'-der	הֶדֶר	heder	from {{h1921}}; honour; used (figuratively) for the capital city (Jerusalem); glory.	h1925
h1924	had-ar'	הֲדַר	Hădar	the same as {{h1926}}; Hadar, an Edomite; Hadar.	h1924
h1927	had-aw-raw'	הֲדָרָה	hădârâh	feminine of {{h1926}}; decoration; beauty, honour.	h1927
h1926	haw-dawr'	הָדָר	hâdâr	from {{h1921}}; magnificence, i.e. ornament or splendor; beauty, comeliness, excellency, glorious, glory, goodly, honour, majesty.	h1926
h2000	haw-mam'	הָמַם	hâmam	a primitive root (compare {{h1949}}, {{h1993}}); properly, to put in commotion; by implication, to disturb, drive, destroy; break, consume, crush, destroy, discomfit, trouble, vex.	h2000
h1938	ho-dav-yaw'	הוֹדַוְיָה	Hôwdavyâh	from {{h1935}} and {{h3050}}; majesty of Jah; Hodavjah, the name of three Israelites; Hodaviah.	h1938
h1939	ho-dah-yeh-vaw'-hoo	הוֹדַיְוָהוּ	Hôwdayvâhûw	a form of {{h1938}}; Hodajvah, an Israelite; Hodaiah.	h1939
h1932	hoo	הוּא	hûwʼ	(Aramaic) or (feminine) הִיא; (Aramaic), corresponding to {{h1931}}; × are, it, this.	h1932
h1933	haw-vaw'	הָוָא	hâvâʼ	or הָוָה; a primitive root (compare {{h183}}, {{h1961}}) supposed to mean properly, to breathe; to be (in the sense of existence); be, × have.	h1933
h1930	ho	הוֹ	hôw	by permutation from {{h1929}}; oh!; alas.	h1930
h1931	hoo	הוּא	hûwʼ	of which the feminine (beyond the Pentateuch) is הִיא; he a primitive word, the third person pronoun singular; he (she or it); only expressed when emphatic or without a verb; also (intensively) self, or (especially with the article) the same; sometimes (as demonstrative) this or that; occasionally (instead of copula) as or are; he, as for her, him(-self), it, the same, she (herself), such, that (...it), these, they, this, those, which (is), who.	h1931
h1936	hode	הוֹד	Hôwd	the same as {{h1935}}; Hod, an Israelite; Hod.	h1936
h1937	ho-dev-aw'	הוֹדְוָה	Hôwdᵉvâh	a form of {{h1938}}; Hodevah (or Hodevjah), an Israelite; Hodevah.	h1937
h1934	hav-aw'	הָוָא	hâvâʼ	(Aramaic) or הָוָה; (Aramaic), corresponding to {{h1933}}; to exist; used in a great variety of applications (especially in connection with other words); be, become,   behold,   came (to pass),   cease,   cleave,   consider,   do,   give,   have,   judge,   keep,   labour,   mingle (self),   put,   see,   seek,   set,   slay,   take heed, tremble,   walk,   would.	h1934
h1935	hode	הוֹד	hôwd	from an unused root; grandeur (i.e. an imposing form and appearance); beauty, comeliness, excellency, glorious, glory, goodly, honour, majesty.	h1935
h1989	hal-mooth'	הַלְמוּת	halmûwth	from {{h1986}}; a hammer (or mallet); hammer.	h1989
h1988	hal-ome'	הֲלֹם	hălôm	from the article (see {{h1973}}); hither; here, hither(-(to)), thither.	h1988
h1987	hay'-lem	הֶלֶם	Helem	from {{h1986}}; smiter; Helem, the name of two Israelites; Helem.	h1987
h1986	haw-lam'	הָלַם	hâlam	a primitive root; to strike down; by implication, to hammer, stamp, conquer, disband; beat (down), break (down), overcome, smite (with the hammer).	h1986
h1985	hil-layl'	הִלֵּל	Hillêl	from {{h1984}}; praising (namely God); Hillel, an Israelite; Hillel.	h1985
h1984	haw-lal'	הָלַל	hâlal	a primitive root; to be clear (orig. of sound, but usually of color); to shine; hence, to make a show, to boast; and thus to be (clamorously) foolish; to rave; causatively, to celebrate; also to stultify; (make) boast (self), celebrate, commend, (deal, make), fool(-ish, -ly), glory, give (light), be (make, feign self) mad (against), give in marriage, (sing, be worthy of) praise, rage, renowned, shine.	h1984
h1983	hal-awk'	הֲלָךְ	hălâk	(Aramaic) from {{h1981}}; properly, a journey, i.e. (by implication) toll on goods at a road; custom.	h1983
h1982	hay'-lek	הֵלֶךְ	hêlek	from {{h1980}}; properly, a journey, i.e. (by implication) a wayfarer; also a flowing; × dropped, traveller.	h1982
h1981	hal-ak'	הֲלַךְ	hălak	(Aramaic) corresponding to {{h1980}} (compare {{h1946}}); to walk; walk.	h1981
h1980	haw-lak'	הָלַךְ	hâlak	akin to {{h3212}}; a primitive root; to walk (in a great variety of applications, literally and figuratively); (all) along, apace, behave (self), come, (on) continually, be conversant, depart,   be eased, enter, exercise (self),   follow, forth, forward, get, go (about, abroad, along, away, forward, on, out, up and down),   greater, grow, be wont to haunt, lead, march, × more and more, move (self), needs, on, pass (away), be at the point, quite, run (along),   send, speedily, spread, still, surely,   tale-bearer,   travel(-ler), walk (abroad, on, to and fro, up and down, to places), wander, wax, (way-) faring man, × be weak, whirl.	h1980
h1907	had-daw-bawr'	הַדָּבָר	haddâbâr	(Aramaic) probably of foreign origin; a vizier; counsellor.	h1907
h1906	hade	הֵד	hêd	for {{h1959}}; a shout; sounding again.	h1906
h1905	hag-ree'	הַגְרִי	Hagrîy	or (prolonged) הַגְרִיאxlit Hagrîʼ corrected to Hagrîyʼ; perhaps patronymically from {{h1904}}; a Hagrite or member of a certain Arabian clan; Hagarene, Hagarite, Haggeri.	h1905
h1904	haw-gawr'	הָגָר	Hâgâr	of uncertain (perhaps foreign) derivation; Hagar, the mother of Ishmael; Hagar.	h1904
h1903	haw-gheen'	הָגִין	hâgîyn	of uncertain derivation; perhaps suitable or turning; directly.	h1903
h1902	hig-gaw-yone'	הִגָּיוֹן	higgâyôwn	intensive from {{h1897}}; a murmuring sound, i.e. a musical notation (probably similar to the modern affettuoso to indicate solemnity of movement); by implication, a machination; device, Higgaion, meditation, solemn sound.	h1902
h1901	haw-gheeg'	הָגִיג	hâgîyg	from an unused root akin to {{h1897}}; properly, a murmur, i.e. complaint; meditation, musing.	h1901
h1909	had-ad-eh'-zer	הֲדַדְעֶזֶר	Hădadʻezer	from {{h1908}} and {{h5828}}; Hadad (is his) help; Hadadezer, a Syrian king; Hadadezer. Compare {{h1928}}.	h1909
h1908	had-ad'	הֲדַד	Hădad	probably of foreign origin (compare {{h111}}); Hadad, the name of an idol, and of several kings of Edom; Hadad.	h1908
h1965	hay-kal'	הֵיכַל	hêykal	(Aramaic) corresponding to {{h1964}}; palace, temple.	h1965
h1964	hay-kawl'	הֵיכָל	hêykâl	probably from {{h3201}} (in the sense of capacity); a large public building, such as a palace or temple; palace, temple.	h1964
h1967	hay-mawm'	הֵימָם	Hêymâm	another form for {{h1950}}; Hemam, an Idumaean; Hemam.	h1967
h1966	hay-lale'	הֵילֵל	hêylêl	from {{h1984}} (in the sense of brightness); the morning-star; lucifer.	h1966
h1961	haw-yaw	הָיָה	hâyâh	a primitive root (compare {{h1933}}); to exist, i.e. be or become, come to pass (always emphatic, and not a mere copula or auxiliary); beacon, × altogether, be(-come), accomplished, committed, like), break, cause, come (to pass), do, faint, fall,   follow, happen, × have, last, pertain, quit (one-) self, require, × use.	h1961
h1960	hoo-yed-aw'	הֻיְּדָה	huyᵉdâh	from the same as {{h1959}}; properly, an acclaim, i.e. a choir of singers; thanksgiving.	h1960
h1963	hake	הֵיךְ	hêyk	another form for {{h349}}; how?; how.	h1963
h1962	hah-yaw'	הַיָּה	hayâh	another form for {{h1943}}; ruin; calamity.	h1962
h1969	heen	הִין	hîyn	probably of Egyptian origin; a hin or liquid measure; hin.	h1969
h1968	hay-mawn'	הֵימָן	Hêymân	probably from {{h539}}; faithful; Heman, the name of at least two Israelites; Heman.	h1968
h1998	hem-yaw'	הֶמְיָה	hemyâh	from {{h1993}}; sound; noise.	h1998
h1999	ham-ool-law'	הֲמֻלָּה	hămullâh	or (too fully) הֲמוּלָּה; (Jeremiah 11:16), feminine passive participle of an unused root meaning to rush (as rain with a windy roar); a sound; speech, tumult.	h1999
h1990	hawm	הָם	Hâm	of uncertain derivation; Ham, a region of Palestine; Ham.	h1990
h1991	haym	הֵם	hêm	from {{h1993}}; abundance, i.e. wealth; any of theirs.	h1991
h1992	haym	הֵם	hêm	or (prolonged) הֵמָּה; masculine plural from {{h1931}}; they (only used when emphatic); it, like, × (how, so) many (soever, more as) they (be), (the) same, × so, × such, their, them, these, they, those, which, who, whom, withal, ye.	h1992
h1993	haw-maw'	הָמָה	hâmâh	a primitive root (compare {{h1949}}); to make a loud sound (like English 'hum'); by implication, to be in great commotion or tumult, to rage, war, moan, clamor; clamorous, concourse, cry aloud, be disquieted, loud, mourn, be moved, make a noise, rage, roar, sound, be troubled, make in tumult, tumultuous, be in an uproar.	h1993
h1994	him-mo'	הִמּוֹ	himmôw	(Aramaic) or (prolonged) הִמּוֹן; (Aramaic), corresponding to {{h1992}}; they; × are, them, those.	h1994
h1995	haw-mone'	הָמוֹן	hâmôwn	or הָמֹן; (Ezekiel 5:7), from {{h1993}}; a noise, tumult, crowd; also disquietude, wealth; abundance, company, many, multitude, multiply, noise, riches, rumbling, sounding, store, tumult.	h1995
h1996	ham-one' gohg	הֲמוֹן גּוֹג	Hămôwn Gôwg	from {{h1995}} and {{h1463}}; the multitude of Gog; the fanciful name of an emblematic place in Palestine; Hamon-gog.	h1996
h1997	ham-o-naw'	הֲמוֹנָה	Hămôwnâh	feminine of {{h1995}}; multitude; , the same as {{h1996}}; Hamonah; Hamonah.	h1997
h1910	had-ad-rim-mone'	הֲדַדְרִמּוֹן	Hădadrimmôwn	from {{h1908}} and {{h7417}}; Hadad-Rimmon, a place in Palestine; Hadad-rimmon.	h1910
h1911	haw-daw'	הָדָה	hâdâh	a primitive root (compare {{h3034}}); to stretch forth the hand; put.	h1911
h1912	ho'-doo	הֹדוּ	Hôdûw	of foreign origin; Hodu (i.e. Hindustan); India.	h1912
h1913	had-o-rawm'	הֲדוֹרָם	Hădôwrâm	or הֲדֹרָם; probably of foreign derivation; Hadoram, a son of Joktan, and the tribe descended from him; Hadoram.	h1913
h1914	hid-dah'ee	הִדַּי	Hidday	of uncertain derivation; Hiddai, an Israelite; Hiddai.	h1914
h1915	haw-dak'	הָדַךְ	hâdak	a primitive root (compare {{h1854}}); to crush with the foot; tread down.	h1915
h1916	had-ome'	הֲדֹם	hădôm	from an unused root meaning to stamp upon; a footstool; (foot-) stool.	h1916
h1917	had-dawm'	הַדָּם	haddâm	(Aramaic) from a root corresponding to that of {{h1916}}; something stamped to pieces, i.e. a bit; piece.	h1917
h1918	had-as'	הֲדַס	hădaç	of uncertain derivation; the myrtle; myrtle (tree).	h1918
h1919	had-as-saw'	הֲדַסָּה	Hădaççâh	feminine of {{h1918}}; Hadassah (or Esther); Hadassah.	h1919
h1976	hal-law-zeh'	הַלָּזֶה	hallâzeh	from the article (see {{h1973}}) and {{h2088}}; this very; this.	h1976
h1977	hal-lay-zoo'	הַלֵּזוּ	hallêzûw	another form of {{h1976}}; that; this.	h1977
h1974	hil-lool'	הִלּוּל	hillûwl	from {{h1984}} (in the sense of rejoicing); a celebration of thanksgiving for harvest; merry, praise.	h1974
h1975	hal-lawz'	הַלָּז	hallâz	from {{h1976}}; this or that; side, that, this.	h1975
h1972	haw-law'	הָלָא	hâlâʼ	probably denominatively from {{h1973}}; to remove or be remote; cast far off.	h1972
h1973	haw-leh-aw'	הָלְאָה	hâlᵉʼâh	from the primitive form of the article (hal); to the distance, i.e. far away; also (of time) thus far; back, beyond, (hence,-) forward, hitherto, thence, forth, yonder.	h1973
h1970	haw-kar'	הָכַר	hâkar	a primitive root; apparently; to injure; make self strange.	h1970
h1971	hak-kaw-raw'	הַכָּרָה	hakkârâh	from {{h5234}}; respect, i.e. partiality; shew.	h1971
h1978	haw-leek'	הָלִיךְ	hâlîyk	from {{h1980}}; a walk, i.e. (by implication) a step; step.	h1978
h1979	hal-ee-kaw'	הֲלִיכָה	hălîykâh	feminine of {{h1978}}; a walking; by implication, a procession or march, a caravan; company, going, walk, way.	h1979
