Key	Pronunciation	Lexeme	Transliteration	Definition	StrongsNumber
h2100	zoob	זוּב	zûwb	a primitive root; to flow freely (as water), i.e. (specifically) to have a (sexual) flux; figuratively, to waste away; also to overflow; flow, gush out, have a (running) issue, pine away, run.	h2100
h2029	haw-raw'	הָרָה	hârâh	a primitive root; to be (or become) pregnant, conceive (literally or figuratively); been, be with child, conceive, progenitor.	h2029
h2028	har-ay-gaw'	הֲרֵגָה	hărêgâh	feminine of {{h2027}}; slaughter; slaughter.	h2028
h2025	har-ale'	הַרְאֵל	harʼêl	from {{h2022}} and {{h410}}; mount of God; figuratively, the altar of burnt-offering; altar. Compare {{h739}}.	h2025
h2024	haw-raw'	הָרָא	Hârâʼ	perhaps from {{h2022}}; mountainousness; Hara, a region of Media; Hara.	h2024
h2027	heh'-reg	הֶרֶג	hereg	from {{h2026}}; slaughter; be slain, slaughter.	h2027
h2026	haw-rag'	הָרַג	hârag	a primitive root; to smite with deadly intent; destroy, out of hand, kill, murder(-er), put to (death), make (slaughter), slay(-er), × surely.	h2026
h2021	ho'-tsen	הֹצֶן	hôtsen	from an unused root meaning apparently to be sharp or strong; a weapon of war; chariot.	h2021
h2020	hats-tsaw-law'	הַצָּלָה	hatstsâlâh	from {{h5337}}; rescue; deliverance.	h2020
h2023	hore	הֹר	Hôr	another form of {{h2022}}; mountain; Hor, the name of a peak in Idumaea and of one in Syria; Hor.	h2023
h2022	har	הַר	har	a shortened form of {{h2042}}; a mountain or range of hills (sometimes used figuratively); hill (country), mount(-ain), × promotion.	h2022
h2038	har-mone'	הַרְמוֹן	harmôwn	from the same as {{h2036}}; a castle (from its height); palace.	h2038
h2039	haw-rawn'	הָרָן	Hârân	perhaps from {{h2022}}; mountaineer; Haran, the name of two men; Haran.	h2039
h2036	ho-rawm'	הֹרָם	Hôrâm	from an unused root (meaning to tower up); high; Horam, a Canaanitish king; Horam.	h2036
h2037	haw-room'	הָרֻם	Hârum	passive participle of the same as {{h2036}}; high; Harum, an Israelite; Harum.	h2037
h2034	har-ee-saw'	הֲרִיסָה	hărîyçâh	from {{h2040}}; something demolished; ruin.	h2034
h2035	har-ee-sooth'	הֲרִיסוּת	hărîyçûwth	from {{h2040}}; demolition; destruction.	h2035
h2032	hay-rone'	הֵרוֹן	hêrôwn	or הֵרָיוֹן; from {{h2029}}; pregnancy; conception.	h2032
h2033	har-o-ree'	הֲרוֹרִי	Hărôwrîy	another form for {{h2043}}; a Harorite or mountaineer; Harorite.	h2033
h2030	haw-reh'	הָרֶה	hâreh	or הָרִי; (Hosea 14:1), from {{h2029}}; pregnant; (be, woman) with child, conceive, × great.	h2030
h2031	har-hor'	הַרְהֹר	harhôr	(Aramaic) from a root corresponding to {{h2029}}; a mental conception; thought.	h2031
h2009	hin-nay'	הִנֵּה	hinnêh	prolongation for {{h2005}}; lo!; behold, lo, see.	h2009
h2008	hane'-naw	הֵנָּה	hênnâh	from {{h2004}}; hither or thither (but used both of place and time); here, hither(-to), now, on this (that) side,   since, this (that) way, thitherward,   thus far, to...fro,   yet.	h2008
h2003	haw-mawce'	הָמָס	hâmâç	from an unused root apparently meaning to crackle; a dry twig or brushwood; melting.	h2003
h2002	ham-neek'	הַמְנִיךְ	hamnîyk	(Aramaic) but the text is הֲמוּנֵךְ; of foreign origin; a necklace; chain.	h2002
h2001	haw-mawn'	הָמָן	Hâmân	of foreign derivation; Haman, a Persian vizier; Haman.	h2001
h2007	hane'-naw	הֵנָּה	hênnâh	prolongation for {{h2004}}; themselves (often used emphatic for the copula, also in indirect relation); × in, × such (and such things), their, (into) them, thence, therein, these, they (had), on this side, whose, wherein.	h2007
h2006	hane	הֵן	hên	(Aramaic) corresponding to {{h2005}}; lo! also there(-fore), (un-) less, whether, but, if; (that) if, or, whether.	h2006
h2005	hane	הֵן	hên	a primitive particle; lo!; also (as expressing surprise) if; behold, if, lo, though.	h2005
h2004	hane	הֵן	hên	feminine plural from {{h1931}}; they (only used when emphatic); × in, such like, (with) them, thereby, therein, (more than) they, wherein, in which, whom, withal.	h2004
h2083	zeb-ool'	זְבֻל	Zᵉbul	the same as {{h2073}}; dwelling; Zebul, an Israelite; Zebul. Compare {{h2073}}.	h2083
h2082	zaw-bal'	זָבַל	zâbal	a primitive root; apparently properly, to inclose, i.e.; to reside; dwell with.	h2082
h2081	zeb-ee-naw'	זְבִינָא	Zᵉbîynâʼ	from an unused root (meaning to purchase); gainfulness; Zebina, an Israelite; Zebina.	h2081
h2080	zeb-ee-daw'	זְבִידָה	Zᵉbîydâh	feminine from {{h2064}}; giving; Zebidah, an Israelitess; Zebudah.	h2080
h2087	zaw-done'	זָדוֹן	zâdôwn	from {{h2102}}; arrogance; presumptuously, pride, proud (man).	h2087
h2086	zade'	זֵד	zêd	from {{h2102}}; arrogant; presumptuous, proud.	h2086
h2085	zawg	זָג	zâg	from an unused root probably meaning to inclose; the skin of a grape; husk.	h2085
h2084	zeb-an'	זְבַן	zᵉban	(Aramaic) corresponding to the root of {{h2081}}; to acquire by purchase; gain.	h2084
h2089	zeh	זֶה	zeh	(1 Samuel by permutation for {{h7716}}; a sheep; lamb.	h2089
h2088	zeh	זֶה	zeh	a primitive word; the masculine demonstrative pronoun, this or that; he, × hence, × here, it(-self), × now, × of him, the one...the other, × than the other, (× out of) the (self) same, such (a one) that, these, this (hath, man), on this side...on that side, × thus, very, which. Compare {{h2063}}, {{h2090}}, {{h2097}}, {{h2098}}.	h2088
h2014	haf-oo-gaw'	הֲפֻגָה	hăphugâh	from {{h6313}}; relaxation; intermission.	h2014
h2015	haw-fak'	הָפַךְ	hâphak	a primitive root; to turn about or over; by implication, to change, overturn, return, pervert; × become, change, come, be converted, give, make (a bed), overthrow (-turn), perverse, retire, tumble, turn (again, aside, back, to the contrary, every way).	h2015
h2016	heh'-fek	הֶפֶךְ	hephek	; or הֵפֶךְ; from {{h2015}}; a turn, i.e. the reverse; contrary.	h2016
h2017	ho'-fek	הֹפֶךְ	hôphek	from {{h2015}}; an upset, i.e. (abstract) perversity; turning of things upside down.	h2017
h2010	han-aw-khaw'	הֲנָחָה	hănâchâh	from {{h5117}}; permission of rest, i.e. quiet; release.	h2010
h2011	hin-nome'	הִנֹּם	Hinnôm	probably of foreign origin; Hinnom, apparently a Jebusite; Hinnom.	h2011
h2012	hay-nah'	הֵנַע	Hênaʻ	probably of foreign derivation; Hena, a place apparently in Mesopotamia; Hena.	h2012
h2013	haw-saw'	הָסָה	hâçâh	a primitive root; to hush; hold peace (tongue), (keep) silence, be silent, still.	h2013
h2018	haf-ay-kaw'	הֲפֵכָה	hăphêkâh	feminine of {{h2016}}; destruction; overthrow.	h2018
h2019	haf-ak-pak'	הֲפַכְפַּךְ	hăphakpak	by reduplication from {{h2015}}; very perverse; froward.	h2019
h2098	zoo	זוּ	zûw	for {{h2088}}; this or that; that, this, × wherein, which, whom.	h2098
h2099	zeev'	זִו	Ziv	probably from an unused root meaning to be prominent; properly, brightness (compare {{h2122}}), i.e. (figuratively) the month of flowers; Ziv (corresponding to Ijar or May); Zif.	h2099
h2094	zaw-har'	זָהַר	zâhar	a primitive root; to gleam; figuratively, to enlighten (by caution); admonish, shine, teach, (give) warn(-ing).	h2094
h2095	zeh-har'	זְהַר	zᵉhar	(Aramaic) corresponding to {{h2094}}; (passively) be admonished; take heed.	h2095
h2096	zo'-har	זֹהַר	zôhar	from {{h2094}}; brilliancy; brightness.	h2096
h2097	zo	זוֹ	zôw	for {{h2088}}; this or that; that, this.	h2097
h2090	zo	זֹה	zôh	for {{h2088}}; this or that; as well as another, it, this, that, thus and thus.	h2090
h2091	zaw-hawb'	זָהָב	zâhâb	from an unused root meaning to shimmer; gold, figuratively, something gold-colored (i.e. yellow), as oil, a clear sky; gold(-en), fair weather.	h2091
h2092	zaw-ham'	זָהַם	zâham	a primitive root; to be rancid, i.e. (transitively) to loathe; abhor.	h2092
h2093	zah'-ham	זַהַם	Zaham	from {{h2092}}; loathing; Zaham, an Israelite; Zaham.	h2093
h2061	zeh-abe'	זְאֵב	zᵉʼêb	from an unused root meaning to be yellow; a wolf; wolf.	h2061
h2060	vash-tee'	וַשְׁתִּי	Vashtîy	of Persian origin; Vashti, the queen of Xerxes; Vashti. z	h2060
h2063	zothe'	זֹאת	zôʼth	irregular feminine of {{h2088}}; this (often used adverb); hereby (-in, -with), it, likewise, the one (other, same), she, so (much), such (deed), that, therefore, these, this (thing), thus.	h2063
h2062	zeh-abe'	זְאֵב	Zᵉʼêb	the same as {{h2061}}; Zeeb, a Midianitish prince; Zeeb.	h2062
h2065	zeh'-bed	זֶבֶד	zebed	from {{h2064}}; a gift; dowry.	h2065
h2064	zaw-bad'	זָבַד	zâbad	a primitive root; to confer; endure.	h2064
h2067	zab-dee'	זַבְדִּי	Zabdîy	from {{h2065}}; giving; Zabdi, the name of four Israelites; Zabdi.	h2067
h2066	zaw-bawd'	זָבָד	Zâbâd	from {{h2064}}; giver; Zabad, the name of seven Israelites; Zabad.	h2066
h2069	zeb-ad-yaw'	זְבַדְיָה	Zᵉbadyâh	or זְבַדְיָהוּ; from {{h2064}} and {{h3050}}; Jah has given; Zebadjah, the name of nine Israelites; Zebadiah.	h2069
h2068	zab-dee-ale'	זַבְדִּיאֵל	Zabdîyʼêl	from {{h2065}} and {{h410}}; gift of God; Zabdiel, the name of two Israelites; Zabdiel.	h2068
h2072	zab-bood'	זַבּוּד	Zabbûwd	a form of {{h2071}}; given; Zabbud, an Israelite; Zabbud.	h2072
h2073	ze-bool'	זְבוּל	zᵉbûwl	or זְבֻל; from {{h2082}}; a residence; dwell in, dwelling, habitation.	h2073
h2070	zeb-oob'	זְבוּב	zᵉbûwb	from an unused root (meaning to flit); a fly (especially one of a stinging nature); fly.	h2070
h2071	zaw-bood'	זָבוּד	Zâbûwd	from {{h2064}}; given, Zabud, an Israelite; Zabud.	h2071
h2076	zaw-bakh'	זָבַח	zâbach	a primitive root; to slaughter an animal (usually in sacrifice); kill, offer, (do) sacrifice, slay.	h2076
h2077	zeh'-bakh	זֶבַח	zebach	from {{h2076}}; properly, a slaughter, i.e. the flesh of an animal; by implication, a sacrifice (the victim or the act); offer(-ing), sacrifice.	h2077
h2074	zeb-oo-loon'	זְבוּלוּן	Zᵉbûwlûwn	or זְבֻלוּן; or זְבוּלֻן; from {{h2082}}; habitation; Zebulon, a son of Jacob; also his territory and tribe; Zebulun.	h2074
h2075	zeb-oo-lo-nee'	זְבוּלֹנִי	Zᵉbûwlônîy	patronymically from {{h2074}}; a Zebulonite or descendant of Zebulun; Zebulonite.	h2075
h2078	zeh'-bakh	זֶבַח	Zebach	the same as {{h2077}}; sacrifice; Zebach, a Midianitish prince; Zebah.	h2078
h2079	zab-bah'-ee	זַבַּי	Zabbay	probably by orthographical error for {{h2140}}; Zabbai (or Zaccai), an Israelite; Zabbai.	h2079
h2049	haw-thole'	הָתֹל	hâthôl	from {{h2048}} (only in plural collectively); a derision; mocker.	h2049
h2048	haw-thal'	הָתַל	hâthal	a primitive root; to deride; by implication, to cheat; deal deceitfully, deceive, mock.	h2048
h2047	hath-awk'	הֲתָךְ	Hăthâk	probably of foreign origin; Hathak, a Persian eunuch; Hatach.	h2047
h2046	hit-took'	הִתּוּךְ	hittûwk	from {{h5413}}; a melting; is melted.	h2046
h2045	hashmaw-ooth'	הַשְׁמָעוּת	hashmâʻûwth	from {{h8085}}; announcement; to cause to hear.	h2045
h2044	haw-shame'	הָשֵׁם	Hâshêm	perhaps from the same as {{h2828}}; wealthy; Hashem, an Israelite; Hashem.	h2044
h2043	hah-raw-ree'	הֲרָרִי	Hărârîy	or הָרָרִי; (2 Samuel 23:11), or הָארָרִי; (2 Samuel 23:34, last clause), apparently from {{h2042}}; a mountaineer; Hararite.	h2043
h2042	haw-rawr'	הָרָר	hârâr	from an unused root meaning to loom up; a mountain; hill, mount(-ain).	h2042
h2041	heh'-res	הֶרֶס	hereç	from {{h2040}}; demolition; destruction.	h2041
h2040	haw-ras'	הָרַס	hâraç	a primitive root; to pull down or in pieces, break, destroy; beat down, break (down, through), destroy, overthrow, pluck down, pull down, ruin, throw down, × utterly.	h2040
h2058	vof-see'	וׇפְסִי	Vophçîy	probably from {{h3254}}; additional; Vophsi, an Israelite; Vophsi.	h2058
h2059	vash-nee'	וַשְׁנִי	Vashnîy	probably from {{h3461}}; weak; Vashni, an Israelite; Vashni.	h2059
h2050	haw-thath'	הָתַת	hâthath	a primitive root; properly, to break in upon, i.e. to assail; imagine mischief.	h2050
h2051	ved-awn'	וְדָן	Vᵉdân	perhaps for {{h5730}}; Vedan (or Aden), a place in Arabia; Dan also.	h2051
h2052	vaw-habe'	וָהֵב	Vâhêb	of uncertain derivation; Vaheb, a place in Moab; what he did.	h2052
h2053	vaw	וָו	vâv	probably; a hook (the name of the sixth Hebrew letter); hook.	h2053
h2054	vaw-zawr'	וָזָר	vâzâr	presumed to be from an unused root meaning to bear guilt; crime; × strange.	h2054
h2055	vah-yez-aw'-thaw	וַיְזָתָא	Vayzâthâʼ	of foreign origin; Vajezatha, a son of Haman; Vajezatha.	h2055
h2056	vaw-lawd'	וָלָד	vâlâd	for {{h3206}}; a boy; child.	h2056
h2057	van-yaw'	וַנְיָה	Vanyâh	perhaps for {{h6043}}; Vanjah, an Israelite; Vaniah.	h2057
