Key	Pronunciation	Lexeme	Transliteration	Definition	StrongsNumber
h2348	khofe	חוֹף	chôwph	from an unused root meaning to cover; a cove (as a sheltered bay); coast (of the sea), haven, shore, (sea-) side.	h2348
h2349	khoo-fawm'	חוּפָם	Chûwphâm	from the same as {{h2348}}; protection; Chupham, an Israelite; Hupham.	h2349
h2344	khole	חוֹל	chôwl	from {{h2342}}; sand (as round or whirling particles); sand.	h2344
h2345	khoom	חוּם	chûwm	from an unused root meaning to be warm, i.e. (by implication); sunburnt or swarthy (blackish); brown.	h2345
h2346	kho-maw'	חוֹמָה	chôwmâh	feminine active participle of an unused root apparently meaning to join; a wall of protection; wall, walled.	h2346
h2347	khoos	חוּס	chûwç	a primitive root; properly, to cover, i.e. (figuratively) to compassionate; pity, regard, spare.	h2347
h2340	khiv-vee'	חִוִּי	Chivvîy	perhaps from {{h2333}}; a villager; a Chivvite, one of the aboriginal tribes of Palestine; Hivite.	h2340
h2341	khav-ee-law'	חֲוִילָה	Chăvîylâh	probably from {{h2342}}; circular; Chavilah, the name of two or three eastern regions; also perhaps of two men; Havilah.	h2341
h2342	khool	חוּל	chûwl	or חִיל; a primitive root; properly, to twist or whirl (in a circular or spiral manner), i.e. (specifically) to dance, to writhe in pain (especially of parturition) or fear; figuratively, to wait, to pervert; bear, (make to) bring forth, (make to) calve, dance, drive away, fall grievously (with pain), fear, form, great, grieve, (be) grievous, hope, look, make, be in pain, be much (sore) pained, rest, shake, shapen, (be) sorrow(-ful), stay, tarry, travail (with pain), tremble, trust, wait carefully (patiently), be wounded.	h2342
h2343	khool	חוּל	Chûwl	from {{h2342}}; a circle; Chul, a son of Aram; also the region settled by him; Hul.	h2343
h2339	khoot	חוּט	chûwṭ	from an unused root probably meaning to sew; a string; by implication, a measuring tape; cord, fillet, line, thread.	h2339
h2338	khoot	חוּט	chûwṭ	(Aramaic) corresponding to the root of {{h2339}}, perhaps as a denominative; to string together, i.e. (figuratively) to repair; join.	h2338
h2331	khaw-vah'	חָוָה	châvâh	a primitive root; (compare {{h2324}}, {{h2421}}); properly, to live; by implication (intensively) to declare or show; show.	h2331
h2330	khood	חוּד	chûwd	a primitive root; properly, to tie a knot, i.e. (figuratively) to propound a riddle; put forth.	h2330
h2333	khav-vaw'	חַוָּה	chavvâh	properly, the same as {{h2332}} (life-giving, i.e. living-place); by implication, an encampment or village; (small) town.	h2333
h2332	khav-vaw'	חַוָּה	Chavvâh	causatively from {{h2331}}; life-giver; Chavvah (or Eve), the first woman; Eve.	h2332
h2335	kho-zah'-ee	חוֹזַי	Chôwzay	from {{h2374}}; visionary; Chozai, an Israelite; the seers.	h2335
h2334	khav-vothe' yaw-eer'	חַוּוֹת יָעִיר	Chavvôwth Yâʻîyr	from the plural of {{h2333}} and a modification of {{h3265}}; hamlets of Jair, a region of Palestine; (Bashan-) Havoth-jair.	h2334
h2337	khaw-vawkh'	חָוָח	châvâch	perhaps the same as {{h2336}}; a dell or crevice (as if pierced in the earth); thicket.	h2337
h2336	kho'-akh	חוֹחַ	chôwach	from an unused root apparently meaning to pierce; a thorn; by analogy, a ring for the nose; bramble, thistle, thorn.	h2336
h2328	khoog	חוּג	chûwg	a primitive root (compare {{h2287}}); to describe a circle; compass.	h2328
h2329	khoog	חוּג	chûwg	from {{h2328}}; a circle; circle, circuit, compass.	h2329
h2322	khad-aw-shaw'	חֲדָשָׁה	Chădâshâh	feminine of {{h2319}}; new; Chadashah, a place in Palestine; Hadashah.	h2322
h2323	khad-ath'	חֲדָת	chădâth	(Aramaic) corresponding to {{h2319}}; new; new.	h2323
h2320	kho'-desh	חֹדֶשׁ	chôdesh	from {{h2318}}; the new moon; by implication, a month; month(-ly), new moon.	h2320
h2321	kho'-desh	חֹדֶשׁ	Chôdesh	the same as {{h2320}}; Chodesh, an Israelitess; Hodesh.	h2321
h2326	khobe	חוֹב	chôwb	from {{h2325}}; debt; debtor.	h2326
h2327	kho-baw'	חוֹבָה	chôwbâh	feminine active participle of {{h2247}}; hiding place; Chobah, a place in Syria; Hobah.	h2327
h2324	khav-aw'	חֲוָא	chăvâʼ	(Aramaic) corresponding to {{h2331}}; to show; shew.	h2324
h2325	khoob	חוּב	chûwb	also חָיַב; a primitive root; properly, perhaps to tie, i.e. (figuratively and reflexively) to owe, or (by implication) to forfeit; make endanger.	h2325
h2399	khate	חֵטְא	chêṭᵉʼ	from {{h2398}}; a crime or its penalty; fault, × grievously, offence, (punishment of) sin.	h2399
h2398	khaw-taw'	חָטָא	châṭâʼ	a primitive root; properly, to miss; hence (figuratively and generally) to sin; by inference, to forfeit, lack, expiate, repent, (causatively) lead astray, condemn; bear the blame, cleanse, commit (sin), by fault, harm he hath done, loss, miss, (make) offend(-er), offer for sin, purge, purify (self), make reconciliation, (cause, make) sin(-ful, -ness), trespass.	h2398
h2397	khawkh	חָח	châch	once (Ezekiel 29:4) חָחִי; from the same as {{h2336}}; a ring for the nose (or lips); bracelet, chain, hook.	h2397
h2396	khiz-kee-yaw'	חִזְקִיָּה	Chizqîyâh	or חִזְקִיָּהוּ; also יְחִזְקִיָּה; or יְחִזְקִיָּהוּ; from {{h2388}} and {{h3050}}; strengthened of Jah; Chizkijah, a king of Judah, also the name of two other Israelites; Hezekiah, Hizkiah, Hizkijah. Compare {{h3169}}.	h2396
h2395	khiz-kee'	חִזְקִי	Chizqîy	from {{h2388}}; strong; Chizki, an Israelite; Hezeki.	h2395
h2394	khoz-kaw'	חׇזְקָה	chozqâh	feminine of {{h2392}}; vehemence (usually in a bad sense); force, mightily, repair, sharply.	h2394
h2393	khez-kaw'	חֶזְקָה	chezqâh	feminine of {{h2391}}; prevailing power; strength(-en self), (was) strong.	h2393
h2392	kho'-zek	חֹזֶק	chôzeq	from {{h2388}}; power; strength.	h2392
h2391	khay'-zek	חֵזֶק	chêzeq	from {{h2388}}; help; strength.	h2391
h2390	khaw-zake'	חָזֵק	châzêq	from {{h2388}}; powerful; × wax louder, stronger.	h2390
h2317	khad-rawk'	חַדְרָךְ	Chadrâk	of uncertain derivation; Chadrak, a Syrian deity; Hadrach.	h2317
h2316	khad-ar'	חֲדַר	Chădar	another form for {{h2315}}; chamber; Chadar, an Ishmaelite; Hadar.	h2316
h2315	kheh'-der	חֶדֶר	cheder	from {{h2314}}; an apartment (usually literal); ((bed) inner) chamber, innermost(-ward) part, parlour,   south, × within.	h2315
h2314	khaw-dar'	חָדַר	châdar	a primitive root; properly, to inclose (as a room), i.e. (by analogy,) to beset (as in a siege); enter a privy chamber.	h2314
h2313	khid-deh'-kel	חִדֶּקֶל	Chiddeqel	probably of foreign origin; the Chiddekel (or Tigris) river; Hiddekel.	h2313
h2312	khay'-dek	חֵדֶק	chêdeq	from an unused root meaning to sting; a prickly plant; brier, thorn.	h2312
h2311	khad-lah'-ee	חַדְלַי	Chadlay	from {{h2309}}; idle; Chadlai, an Israelite; Hadlai.	h2311
h2310	khaw-dale'	חָדֵל	châdêl	from {{h2308}}; vacant, i.e. ceasing or destitute; he that forbeareth, frail, rejected.	h2310
h2319	khaw-dawsh'	חָדָשׁ	châdâsh	from {{h2318}}; new; fresh, new thing.	h2319
h2318	khaw-dash'	חָדַשׁ	châdash	a primitive root; to be new; causatively, to rebuild; renew, repair.	h2318
h2388	khaw-zak'	חָזַק	châzaq	a primitive root; to fasten upon; hence, to seize, be strong (figuratively, courageous, causatively strengthen, cure, help, repair, fortify), obstinate; to bind, restrain, conquer; aid, amend, × calker, catch, cleave, confirm, be constant, constrain, continue, be of good (take) courage(-ous, -ly), encourage (self), be established, fasten, force, fortify, make hard, harden, help, (lay) hold (fast), lean, maintain, play the man, mend, become (wax) mighty, prevail, be recovered, repair, retain, seize, be (wax) sore, strengthen (self), be stout, be (make, shew, wax) strong(-er), be sure, take (hold), be urgent, behave self valiantly, withstand.	h2388
h2389	khaw-zawk'	חָזָק	châzâq	from {{h2388}}; strong (usu. in a bad sense, hard, bold, violent); harder, hottest,   impudent, loud, mighty, sore, stiff(-hearted), strong(-er).	h2389
h2380	khaw-zooth'	חָזוּת	châzûwth	from {{h2372}}; a look; hence (figuratively) striking appearance, revelation, or (by implication) compact; agreement, notable (one), vision.	h2380
h2381	khaz-ee-ale'	חֲזִיאֵל	Chăzîyʼêl	from {{h2372}} and {{h410}}; seen of God; Chaziel, a Levite; Haziel.	h2381
h2382	khaz-aw-yaw'	חֲזָיָה	Chăzâyâh	from {{h2372}} and {{h3050}}; Jah has seen; Chazajah, an Israelite; Hazaiah.	h2382
h2383	khez-yone'	חֶזְיוֹן	Chezyôwn	from {{h2372}}; vision; Chezjon, a Syrian; Hezion.	h2383
h2384	khiz-zaw-yone'	חִזָּיוֹן	chizzâyôwn	from {{h2372}}; a revelation, expectation by dream; vision.	h2384
h2385	khaw-zeez'	חֲזִיז	chăzîyz	from an unused root meaning to glare; a flash of lightning; bright cloud, lightning.	h2385
h2386	khaz-eer'	חֲזִיר	chăzîyr	from an unused root probably meaning to inclose; a hog (perhaps as penned); boar, swine.	h2386
h2387	khay-zeer'	חֵזִיר	Chêzîyr	from the same as {{h2386}}; perhaps protected; Chezir, the name of two Israelites; Hezir.	h2387
h2301	khad-ad'	חֲדַד	Chădad	from {{h2300}}; fierce; Chadad, an Ishmaelite; Hadad.	h2301
h2302	khaw-daw'	חָדָה	châdâh	a primitive root; to rejoice; make glad, be joined, rejoice.	h2302
h2303	khad-dood'	חַדּוּד	chaddûwd	from {{h2300}}; a point; sharp.	h2303
h2304	khed-vaw'	חֶדְוָה	chedvâh	from {{h2302}}; rejoicing; gladness, joy.	h2304
h2305	khed-vaw'	חֶדְוָה	chedvâh	(Aramaic) corresponding to {{h2304}}; joy.	h2305
h2306	khad-ee'	חֲדִי	chădîy	(Aramaic) corresponding to {{h2373}}; a breast; breast.	h2306
h2307	khaw-deed'	חָדִיד	Châdîyd	from {{h2300}}; a peak; Chadid, a place in Palestine; Hadid.	h2307
h2308	khaw-dal'	חָדַל	châdal	a primitive root; properly, to be flabby, i.e. (by implication) desist; (figuratively) be lacking or idle; cease, end, fall, forbear, forsake, leave (off), let alone, rest, be unoccupied, want.	h2308
h2309	kheh'-del	חֶדֶל	chedel	from {{h2308}}; rest, i.e. the state of the dead; world.	h2309
h2400	khat-taw'	חַטָּא	chaṭṭâʼ	intensively from {{h2398}}; a criminal, or one accounted guilty; offender, sinful, sinner.	h2400
h2375	khaz-o'	חֲזוֹ	Chăzôw	from {{h2372}}; seer; Chazo, a nephew of Abraham; Hazo.	h2375
h2374	kho-zeh'	חֹזֶה	chôzeh	active participle of {{h2372}}; a beholder in vision; also a compact (as looked upon with approval); agreement, prophet, see that, seer, (star-) gazer.	h2374
h2377	khaw-zone'	חָזוֹן	châzôwn	from {{h2372}}; a sight (mentally), i.e. a dream, revelation, or oracle; vision.	h2377
h2376	khay'-zev	חֵזֵו	chêzêv	(Aramaic) from {{h2370}}; a sight; look, vision.	h2376
h2371	khaz-aw-ale'	חֲזָאֵל	Chăzâʼêl	or חֲזָהאֵל; from {{h2372}} and {{h410}}; God has seen; Chazael, a king of Syria; Hazael.	h2371
h2370	khaz-aw'	חֲזָא	chăzâʼ	(Aramaic) or חֲזָה; (Aramaic), corresponding to {{h2372}}; to gaze upon; mentally to dream, be usual (i.e. seem); behold, have (a dream), see, be wont.	h2370
h2373	khaw-zeh'	חָזֶה	châzeh	from {{h2372}}; the breast (as most seen in front); breast.	h2373
h2372	khaw-zaw'	חָזָה	châzâh	a primitive root; to gaze at; mentally to perceive, contemplate (with pleasure); specifically, to have a vision of; behold, look, prophesy, provide, see.	h2372
h2379	khaz-oth'	חֲזוֹת	chăzôwth	(Aramaic) from {{h2370}}; a view; sight.	h2379
h2378	khaw-zooth'	חָזוֹת	châzôwth	from {{h2372}}; a revelation; vision.	h2378
h2366	khoo-sheem'	חוּשִׁים	Chûwshîym	or חֻשִׁים; or חֻשִׁם; plural from {{h2363}}; hasters; Chushim, the name of three Israelites; Hushim.	h2366
h2367	khoo-shawm'	חוּשָׁם	Chûwshâm	or חֻשָׁם; from {{h2363}}; hastily; Chusham, an Idumaean; Husham.	h2367
h2364	khoo-shaw'	חוּשָׁה	Chûwshâh	from {{h2363}}; haste; Chushah, an Israelite; Hushah.	h2364
h2365	khoo-shah'-ee	חוּשַׁי	Chûwshay	from {{h2363}}; hasty; Chushai, an Israelite; Hushai.	h2365
h2362	khav-rawn'	חַוְרָן	Chavrân	apparently from {{h2357}} (in the sense of {{h2352}}); cavernous; Chavran, a region East of the Jordan; Hauran.	h2362
h2363	koosh	חוּשׁ	chûwsh	a primitive root; to hurry; figuratively, to be eager with excitement or enjoyment; (make) haste(-n), ready.	h2363
h2360	khoo-rah'ee	חוּרַי	Chûwray	probably an orthographical variation for {{h2359}}; Churai, an Israelite; Hurai.	h2360
h2361	khoo-rawm'	חוּרָם	Chûwrâm	probably from {{h2353}}; whiteness, i.e. noble; Churam, the name of an Israelite and two Syrians; Huram. Compare {{h2438}}.	h2361
h2368	kho-thawm'	חוֹתָם	chôwthâm	or חֹתָם; from {{h2856}}; a signature-ring; seal, signet.	h2368
h2369	kho-thawm'	חוֹתָם	Chôwthâm	the same as {{h2368}}; seal; Chotham, the name of two Israelites; Hotham, Hothan.	h2369
h2353	khoor	חוּר	chûwr	from {{h2357}}; white linen; white.	h2353
h2352	khoor	חוּר	chûwr	or (shortened) חֻר; from an unused root probably meaning to bore; the crevice of a serpent; the cell of a prison; hole.	h2352
h2351	khoots	חוּץ	chûwts	or (shortened) חֻץ; (both forms feminine in the plural) from an unused root meaning to sever; properly, separate by a wall, i.e. outside, outdoors; abroad, field, forth, highway, more, out(-side, -ward), street, without.	h2351
h2350	khoo-faw-mee'	חוּפָמִי	Chûwphâmîy	patronymically from {{h2349}}; a Chuphamite or descendant of Chupham; Huphamites.	h2350
h2357	khaw-var'	חָוַר	châvar	a primitive root; to blanch (as with shame); wax pale.	h2357
h2356	khore	חוֹר	chôwr	or (shortened) חֹר; the same as {{h2352}}; a cavity, socket, den; cave, hole.	h2356
h2355	khore	חוֹר	chôwr	the same as {{h2353}}; white linen; network. Compare {{h2715}}.	h2355
h2354	khoor	חוּר	Chûwr	the same as {{h2353}} or {{h2352}}; Chur, the name of four Israelites and one Midianite; Hur.	h2354
h2359	khoo-ree'	חוּרִי	Chûwrîy	probably from {{h2353}}; linen-worker; Churi, an Israelite; Huri.	h2359
h2358	khiv-vawr'	חִוָּר	chivvâr	(Aramaic) from a root corresponding to {{h2357}}; white; white.	h2358
