Key	Pronunciation	Lexeme	Transliteration	Definition	StrongsNumber
h2771	kaw-rawn'	חָרָן	Chârân	from {{h2787}}; parched; Charan, the name of a man and also of a place; Haran.	h2771
h2770	kher-mashe'	חֶרְמֵשׁ	chermêsh	from {{h2763}}; a sickle (as cutting); sickle.	h2770
h2773	kho-ro-nah'-yim	חֹרֹנַיִם	Chôrônayim	dual of a derivative from {{h2356}}; double cave-town; Choronajim, a place in Moab; Horonaim.	h2773
h2772	kho-ro-nee'	חֹרֹנִי	Chôrônîy	patrial from {{h2773}}; a Choronite or inhabitant of Choronaim; Horonite.	h2772
h2775	kheh'-res	חֶרֶס	chereç	or (with a directive enclitic) חַרְסָה; from an unused root meaning to scrape; also perhaps from the mediating idea of {{h2777}}; the sun; sun.	h2775
h2774	khar-neh'fer	חַרְנֶפֶר	Charnepher	of uncertain derivation; Charnepher, an Israelite; Harnepher.	h2774
h2777	khar-sooth'	חַרְסוּת	charçûwth	from {{h2775}} (apparently in the sense of a red tile used for scraping); a potsherd, i.e. (by implication) a pottery; the name of a gate at Jerusalem; east.	h2777
h2776	kheh'-res	חֶרֶס	Chereç	the same as {{h2775}}; shining; Cheres, a mountain in Palestine; Heres.	h2776
h2779	kho'-ref	חֹרֶף	chôreph	from {{h2778}}; properly, the crop gathered, i.e. (by implication) the autumn (and winter) season; figuratively, ripeness of age; cold, winter (-house), youth.	h2779
h2778	khaw-raf'	חָרַף	châraph	"a primitive root; also	denominative (from {{h2779}}); to pull off, i.e. (by implication) to expose (as by stripping); specifically, to betroth (as if a surrender); figuratively, to carp at, i.e. defame; to spend the winter; betroth, blaspheme, defy, jeopard, rail, reproach, upbraid."	h2778
h2762	kheh'-rek	חֶרֶךְ	cherek	from {{h2760}}; properly, a net, i.e. (by analogy) lattice; lattice.	h2762
h2763	khaw-ram'	חָרַם	châram	a primitive root; to seclude; specifically (by a ban) to devote to religious uses (especially destruction); physical and reflexive, to be blunt as to the nose; make accursed, consecrate, (utterly) destroy, devote, forfeit, have a flat nose, utterly (slay, make away).	h2763
h2760	khaw-rak'	חָרַךְ	chârak	a primitive root; to braid (i.e. to entangle or snare) or catch (game) in a net; roast.	h2760
h2761	khar-ak'	חֲרַךְ	chărak	(Aramaic) a root probably allied to the equivalent of {{h2787}}; to scorch; singe.	h2761
h2766	khaw-reem'	חָרִם	Chârim	from {{h2763}}; snub-nosed; Charim, an Israelite; Harim.	h2766
h2767	khor-maw'	חׇרְמָה	Chormâh	from {{h2763}}; devoted; Chormah, a place in Palestine; Hormah.	h2767
h2764	khay'-rem	חֵרֶם	chêrem	or (Zechariah 14:11) חֶרֶם; from {{h2763}}; physical (as shutting in) a net (either literally or figuratively); usually a doomed object; abstractly extermination; (ac-) curse(-d, -d thing), dedicated thing, things which should have been utterly destroyed, (appointed to) utter destruction, devoted (thing), net.	h2764
h2765	khor-ame'	חֳרֵם	Chŏrêm	from {{h2763}}; devoted; Chorem, a place in Palestine; Horem.	h2765
h2768	kher-mone'	חֶרְמוֹן	Chermôwn	from {{h2763}}; abrupt; Chermon, a mount of Palestine; Hermon.	h2768
h2769	kher-mo-neem'	חֶרְמוֹנִים	Chermôwnîym	plural of {{h2768}}; Hermons, i.e. its peaks; the Hermonites.	h2769
h2759	khar-ee-shee'	חֲרִישִׁי	chărîyshîy	from {{h2790}} in the sense of silence; quiet, i.e. sultry (as feminine noun, the sirocco or hot east wind); vehement.	h2759
h2758	khaw-reesh'	חָרִישׁ	chârîysh	from {{h2790}}; ploughing or its season; earing (time), ground.	h2758
h2757	khaw-reets'	חָרִיץ	chârîyts	or חֲרִץ; from {{h2782}}; (compare {{h2742}}); properly, incisure or (passively) incised; hence, a threshing-sledge (with sharp teeth); also a slice (as cut); cheese, harrow.	h2757
h2756	khaw-reef'	חָרִיף	Chârîyph	from {{h2778}}; autumnal; Chariph, the name of two Israelites; Hariph.	h2756
h2755	khar-ay'-yo-neem'	חֲרֵי־יוֹנִים	chărêy-yôwnîym	from the plural of {{h2716}} and the plural of {{h3123}}; or perhaps rather the plural of a single word חֲרָאיוֹן, probably a kind of vegetable; excrements of doves; doves' dung.	h2755
h2754	khaw-reet'	חָרִיט	chârîyṭ	or חָרִט; from the same as {{h2747}}; properly, cut out (or hollow), i.e. (by implication) a pocket; bag, crisping pin.	h2754
h2753	kho-ree'	חֹרִי	Chôrîy	or חוֹרִי; the same as {{h2752}}; Chori, the name of two men; Hori.	h2753
h2752	kho-ree'	חֹרִי	Chôrîy	from {{h2356}}; cave-dweller or troglodyte; a Chorite or aboriginal Idumaean; Horims, Horites.	h2752
h2751	kho-ree'	חֹרִי	chôrîy	from the same as {{h2353}}; white bread; white.	h2751
h2750	khor-ee'	חֳרִי	chŏrîy	from {{h2734}}; a burning (i.e. intense) anger; fierce, × great, heat.	h2750
h2748	khar-tome'	חַרְטֹם	charṭôm	from the same as {{h2747}}; a horoscopist (as drawing magical lines or circles); magician.	h2748
h2749	khar-tome'	חַרְטֹם	charṭôm	(Aramaic) the same as {{h2748}}; magician.	h2749
h2740	khaw-rone'	חָרוֹן	chârôwn	or (shortened) חָרֹן; from {{h2734}}; a burning of anger; sore displeasure, fierce(-ness), fury, (fierce) wrath(-ful).	h2740
h2741	khar-oo-fee'	חֲרוּפִי	Chărûwphîy	a patrial from (probably) a collateral form of {{h2756}}; a Charuphite or inhabitant of Charuph (or Chariph); Haruphite.	h2741
h2742	khaw-roots'	חֲרוּץ	chărûwts	or חָרֻץ; passive participle of {{h2782}}; properly, incised or (active) incisive; hence (as noun masculine or feminine) a trench (as dug), gold (as mined), a threshing-sledge (having sharp teeth); (figuratively) determination; also eager; decision, diligent, (fine) gold, pointed things, sharp, threshing instrument, wall.	h2742
h2743	khaw-roots'	חָרוּץ	Chârûwts	the same as {{h2742}}; earnest; Charuts, an Israelite; Haruz.	h2743
h2744	khar-khoor'	חַרְחוּר	Charchûwr	a fuller form of {{h2746}}; inflammation; Charchur, one of the Nethinim; Harhur.	h2744
h2745	khar-khas'	חַרְחַס	Charchaç	from the same as {{h2775}}; perhaps shining; Charchas, an Israelite; Harhas.	h2745
h2746	khar-khoor'	חַרְחֻר	charchur	from {{h2787}}; fever (as hot); extreme burning.	h2746
h2747	kheh'-ret	חֶרֶט	chereṭ	from a primitive root meaning to engrave; a chisel or graver; also a style for writing; graving tool, pen.	h2747
h2739	khar-oo-maf'	חֲרוּמַף	chărûwmaph	from passive participle of {{h2763}} and {{h639}}; snub-nosed; Charumaph, an Israelite; Harumaph.	h2739
h2738	khaw-rool'	חָרוּל	chârûwl	or (shortened) חָרֻל; apparently, a passive participle of an unused root probably meaning to be prickly; properly, pointed, i.e. a bramble or other thorny weed; nettle.	h2738
h2735	khore hag-ghid-gawd'	חֹר הַגִּדְגָּד	Chôr hag-Gidgâd	from {{h2356}} and a collateral (masculine) form of {{h1412}}, with the article interposed; hole of the cleft; Chor-hag-Gidgad, a place in the Desert; Hor-hagidgad.	h2735
h2734	khaw-raw'	חָרָה	chârâh	a primitive root (compare {{h2787}}); to glow or grow warm; figuratively (usually) to blaze up, of anger, zeal, jealousy; be angry, burn, be displeased, × earnestly, fret self, grieve, be (wax) hot, be incensed, kindle, × very, be wroth. See {{h8474}}.	h2734
h2737	khaw-rooz'	חָרוּז	chârûwz	from an unused root meaning to perforate; properly, pierced, i.e. a bead of pearl, gems or jewels (as strung); chain.	h2737
h2736	khar-hah-yaw'	חַרְהֲיָה	Charhăyâh	; from {{h2734}} and {{h3050}}; fearing Jah; Charhajah, an Israelite; Harhaiah.	h2736
h2731	khar-aw-daw'	חֲרָדָה	chărâdâh	feminine of {{h2730}}; fear, anxiety; care, × exceedingly, fear, quaking, trembling.	h2731
h2730	khaw-rade'	חָרֵד	chârêd	from {{h2729}}; fearful; also reverential; afraid, trembling.	h2730
h2733	khar-o-dee'	חֲרֹדִי	Chărôdîy	patrial from a derivative of {{h2729}} (compare {{h5878}}); a Charodite, or inhabitant of Charod; Harodite.	h2733
h2732	khar-aw-daw'	חֲרָדָה	Chărâdâh	the same as {{h2731}}; Charadah, a place in the Desert; Haradah.	h2732
h2728	khar-gole'	חָרְגֹּל	chârᵉgôl	from {{h2727}}; the leaping insect, i.e. a locust; beetle.	h2728
h2729	khaw-rad'	חָרַד	chârad	a primitive root; to shudder with terror; hence, to fear; also to hasten (with anxiety); be (make) afraid, be careful, discomfit, fray (away), quake, tremble.	h2729
h2726	khar-bo-naw'	חַרְבוֹנָא	Charbôwnâʼ	or חַרְבוֹנָה; of Persian origin; Charbona or Charbonah, a eunuch of Xerxes; Harbona, Harbonah.	h2726
h2727	khaw-rag'	חָרַג	chârag	a primitive root; properly, to leap suddenly, i.e. (by implication) to be dismayed; be afraid.	h2727
h2724	khaw-raw-baw'	חָרָבָה	chârâbâh	feminine of {{h2720}}; a desert; dry (ground, land).	h2724
h2725	khar-aw-bone'	חֲרָבוֹן	chărâbôwn	from {{h2717}}; parching heat; drought.	h2725
h2722	kho-rabe'	חֹרֵב	Chôrêb	from {{h2717}}; desolate; Choreb, a (generic) name for the Sinaitic mountains; Horeb.	h2722
h2723	khor-baw'	חׇרְבָּה	chorbâh	feminine of {{h2721}}; properly, drought, i.e. (by implication) a desolation; decayed place, desolate (place, -tion), destruction, (laid) waste (place).	h2723
h2720	khaw-rabe'	חָרֵב	chârêb	from {{h2717}}; parched or ruined; desolate, dry, waste.	h2720
h2721	kho'-reb	חֹרֶב	chôreb	a collaterally form of {{h2719}}; drought or desolation; desolation, drought, dry, heat, × utterly, waste.	h2721
h2800	khar-o'-sheth	חֲרֹשֶׁת	Chărôsheth	the same as {{h2799}}; Charosheth, a place in Palestine; Harosheth.	h2800
h2719	kheh'-reb	חֶרֶב	chereb	from {{h2717}}; drought; also a cutting instrument (from its destructive effect), as a knife, sword, or other sharp implement; axe, dagger, knife, mattock, sword, tool.	h2719
h2718	khar-ab'	חֲרַב	chărab	(Aramaic) a root corresponding to {{h2717}}; to demolish; destroy.	h2718
h2713	khaw-kar'	חָקַר	châqar	a primitive root; properly, to penetrate; hence, to examine intimately; find out, (make) search (out), seek (out), sound, try.	h2713
h2712	Khook-koke'	חֻקֹּק	Chuqqôq	or (fully) חוּקֹק; from {{h2710}}; appointed; Chukkok or Chukok, a place in Palestine; Hukkok, Hukok.	h2712
h2711	khay'-kek	חֵקֶק	chêqeq	from {{h2710}}; an enactment, a resolution; decree, thought.	h2711
h2710	khaw-kak'	חָקַק	châqaq	a primitive root; properly, to hack, i.e. engrave (Judges 5:14, to be a scribe simply); by implication, to enact (laws being cut in stone or metal tablets in primitive times) or (gen.) prescribe; appoint, decree, governor, grave, lawgiver, note, pourtray, print, set.	h2710
h2717	khaw-rab'	חָרַב	chârab	or חֲרֵב; a primitive root; to parch (through drought) i.e. (by analogy,) to desolate, destroy, kill; decay, (be) desolate, destroy(-er), (be) dry (up), slay, × surely, (lay, lie, make) waste.	h2717
h2716	kheh'-reh	חֶרֶא	chereʼ	from an unused (and vulgar) root probably meaning to evacuate the bowels; excrement; dung. Also חֲרִי.	h2716
h2715	khore	חֹר	chôr	or (fully) חוֹר; from {{h2787}}; (compare {{h2751}}); properly, white or pure (from the cleansing or shining power of fire); hence (figuratively) noble (in rank); noble.	h2715
h2714	khay'-ker	חֵקֶר	chêqer	from {{h2713}}; examination, enumeration, deliberation; finding out, number, (un-) search(-able, -ed, out, -ing).	h2714
h2793	kho'-resh	חֹרֶשׁ	chôresh	from {{h2790}}; a forest (perhaps as furnishing the material for fabric); bough, forest, shroud, wood.	h2793
h2792	kheh'-resh	חֶרֶשׁ	Cheresh	the same as {{h2791}}; Cheresh, a Levite; Heresh.	h2792
h2791	kheh'-resh	חֶרֶשׁ	cheresh	from {{h2790}}; magical craft; also silence; cunning, secretly.	h2791
h2790	khaw-rash'	חָרַשׁ	chârash	a primitive root; to scratch, i.e. (by implication) to engrave, plough; hence (from the use of tools) to fabricate (of any material); figuratively, to devise (in a bad sense); hence (from the idea of secrecy) to be silent, to let alone; hence (by implication) to be deaf (as an accompaniment of dumbness); × altogether, cease, conceal, be deaf, devise, ear, graven, imagine, leave off speaking, hold peace, plow(-er, man), be quiet, rest, practise secretly, keep silence, be silent, speak not a word, be still, hold tongue, worker.	h2790
h2797	khar-shaw'	חַרְשָׁא	Charshâʼ	from {{h2792}}; magician; Charsha, one of the Nethinim; Harsha.	h2797
h2796	khaw-rawsh'	חָרָשׁ	chârâsh	from {{h2790}}; a fabricator or any material; artificer, ( ) carpenter, craftsman, engraver, maker,   mason, skilful, ( ) smith, worker, workman, such as wrought.	h2796
h2795	khay-rashe'	חֵרֵשׁ	chêrêsh	from {{h2790}}; deaf (whether literally or spiritual); deaf.	h2795
h2794	kho-rashe'	חֹרֵשׁ	chôrêsh	active participle of {{h2790}}; a fabricator or mechanic; artificer.	h2794
h2799	khar-o'-sheth	חֲרֹשֶׁת	chărôsheth	from {{h2790}}; mechanical work; carving, cutting.	h2799
h2798	khar-aw-sheem'	חֲרָשִׁים	Chărâshîym	plural of {{h2796}}; mechanics, the name of a valley in Jerusalem; Charashim, craftsmen.	h2798
h2704	khats-ar' ay-nawn'	חֲצַר עֵינָן	Chătsar ʻÊynân	from {{h2691}} and the same as {{h5881}}; village of springs; Chatsar-Enan, a place in Palestine; Hazar-enan.	h2704
h2705	khats-ar' shoo-awl'	חֲצַר שׁוּעָל	Chătsar Shûwʻâl	from {{h2691}} and {{h7776}}; village of (the) fox; Chatsar-Shual, a place in Palestine; Hazar-shual.	h2705
h2706	khoke	חֹק	chôq	from {{h2710}}; an enactment; hence, an appointment (of time, space, quantity, labor or usage); appointed, bound, commandment, convenient, custom, decree(-d), due, law, measure, × necessary, ordinance(-nary), portion, set time, statute, task.	h2706
h2707	khaw-kaw'	חָקָה	châqâh	a primitive root; to carve; by implication, to delineate; also to entrench; carved work, portrayed, set a print.	h2707
h2701	khats-ar'soo-saw'	חֲצַר סוּסָה	Chătsar Çûwçâh	from {{h2691}} and {{h5484}}; village of cavalry; Chatsar-Susah, a place in Palestine; Hazar-susah.	h2701
h2702	khats-ar' soo-seem'	חֲצַר סוּסִים	Chătsar Çûwçîym	from {{h2691}} and the plural of {{h5483}}; village of horses; Chatsar-Susim, a place in Palestine; Hazar-susim.	h2702
h2703	khats-ar' ay-none'	חֲצַר עֵינוֹן	Chătsar ʻÊynôwn	from {{h2691}} and a derivative of {{h5869}}; village of springs; Chatsar-Enon, a place in Palestine; Hazar-enon.	h2703
h2708	khook-kaw'	חֻקָּה	chuqqâh	feminine of {{h2706}}, and meaning substantially the same; appointed, custom, manner, ordinance, site, statute.	h2708
h2709	khah-oo-faw'	חֲקוּפָא	Chăqûwphâʼ	from an unused root probably meaning to bend; crooked; Chakupha, one of the Nethinim; Hakupha.	h2709
h2788	khaw-rare'	חָרֵר	chârêr	from {{h2787}}; arid; parched place.	h2788
h2789	kheh'-res	חֶרֶשׂ	cheres	a collateral form mediating between {{h2775}} and {{h2791}}; a piece of pottery; earth(-en), (pot-) sherd,   stone.	h2789
h2784	khar-tsoob-baw'	חַרְצֻבָּה	chartsubbâh	of uncertain derivation; a fetter; figuratively, a pain; band.	h2784
h2785	kchar-tsan'	חַרְצַן	chartsan	from {{h2782}}; a sour grape (as sharp in taste); kernel.	h2785
h2786	khaw-rak'	חָרַק	châraq	a primitive root; to grate the teeth; gnash.	h2786
h2787	khaw-rar'	חָרַר	chârar	a primitive root; to glow, i.e. literally (to melt, burn, dry up) or figuratively (to show or incite passion); be angry, burn, dry, kindle.	h2787
h2780	khaw-rafe'	חָרֵף	Chârêph	from {{h2778}}; reproachful; Chareph, an Israelite; Hareph.	h2780
h2781	kher-paw'	חֶרְפָּה	cherpâh	from {{h2778}}; contumely, disgrace, the pudenda; rebuke, reproach(-fully), shame.	h2781
h2782	khaw-rats'	חָרַץ	chârats	a primitive root; properly, to point sharply, i.e. (literally) to wound; figuratively, to be alert, to decide; bestir self, decide, decree, determine, maim, move.	h2782
h2783	khar-ats'	חֲרַץ	chărats	(Aramaic) from a root corresponding to {{h2782}} in the sense of vigor; the loin (as the seat of strength); loin.	h2783
