Key	Pronunciation	Lexeme	Transliteration	Definition	StrongsNumber
h3512	kaw-aw'	כָּאָה	kâʼâh	a primitive root; to despond; causatively, to deject; broken, be grieved, make sad.	h3512
h3513	kaw-bad'	כָּבַד	kâbad	or כָּבֵד; a primitive root; to be heavy, i.e. in a bad sense (burdensome, severe, dull) or in a good sense (numerous, rich, honorable); causatively, to make weighty (in the same two senses); abounding with, more grievously afflict, boast, be chargeable, × be dim, glorify, be (make) glorious (things), glory, (very) great, be grievous, harden, be (make) heavy, be heavier, lay heavily, (bring to, come to, do, get, be had in) honour (self), (be) honourable (man), lade, × more be laid, make self many, nobles, prevail, promote (to honour), be rich, be (go) sore, stop.	h3513
h3510	kaw-ab'	כָּאַב	kâʼab	a primitive root; properly, to feel pain; by implication, to grieve; figuratively, to spoil; grieving, mar, have pain, make sad (sore), (be) sorrowful.	h3510
h3511	keh-abe'	כְּאֵב	kᵉʼêb	from {{h3510}}; suffering (physical or mental), adversity; grief, pain, sorrow.	h3511
h3516	kaw-bade'	כָּבֵד	kâbêd	the same as {{h3515}}; the liver (as the heaviest of the viscera); liver.	h3516
h3517	keb-ay-dooth'	כְּבֵדֻת	kᵉbêduth	feminine of {{h3515}}; difficulty; × heavily.	h3517
h3514	ko'-bed	כֹּבֶד	kôbed	from {{h3513}}; weight, multitude, vehemence; grievousness, heavy, great number.	h3514
h3515	kaw-bade'	כָּבֵד	kâbêd	from {{h3513}}; heavy; figuratively in a good sense (numerous) or in a bad sense (severe, difficult, stupid); (so) great, grievous, hard(-ened), (too) heavy(-ier), laden, much, slow, sore, thick.	h3515
h3518	kaw-baw'	כָּבָה	kâbâh	a primitive root; to expire or (causatively) to extinguish (fire, light, anger); go (put) out, quench.	h3518
h3519	kaw-bode'	כָּבוֹד	kâbôwd	rarely כָּבֹד; from {{h3513}}; properly, weight, but only figuratively in a good sense, splendor or copiousness; glorious(-ly), glory, honour(-able).	h3519
h3598	kee-maw'	כִּימָה	Kîymâh	from the same as {{h3558}}; a cluster of stars, i.e. the Pleiades; Pleiades, seven stars.	h3598
h3599	keece	כִּיס	kîyç	a form for {{h3563}}; a cup; also a bag for money or weights; bag, cup, purse.	h3599
h3592	kee-dohn'	כִּידוֹן	Kîydôwn	the same as {{h3591}}; Kidon, a place in Palestine; Chidon.	h3592
h3593	kee-dore'	כִּידוֹר	kîydôwr	of uncertain derivation; perhaps tumult; battle.	h3593
h3590	kee-dode'	כִידוֹד	kîydôwd	from the same as {{h3589}} (compare {{h3539}}); properly, something struck off, i.e. a spark (as struck); spark.	h3590
h3591	kee-dohn'	כִּידוֹן	kîydôwn	from the same as {{h3589}}; (perhaps smaller than {{h2595}}); properly, something to strike with, i.e. a dart; lance, shield, spear, target.	h3591
h3596	kee-lah'-ee	כִּילַי	kîylay	or כֵּלַי; from {{h3557}} in the sense of withholding; niggardly; churl.	h3596
h3597	kay-laf'	כֵּילַף	kêylaph	from an unused root meaning to clap or strike with noise; a club or sledge-hammer; hammer.	h3597
h3594	kee-yoon'	כִּיּוּן	Kîyûwn	from {{h3559}}; properly, a statue, i.e. idol; but used (by euphemism) for some heathen deity (perhaps corresponding to Priapus or Baal-peor); Chiun.	h3594
h3595	kee-yore'	כִּיּוֹר	kîyôwr	or כִּיֹּר; from the same as {{h3564}}; properly, something round (as excavated or bored), i.e. a chafing-dish for coals or a caldron for cooking; hence (from similarity of form) a washbowl; also (for the same reason) a pulpit or platform; hearth, laver, pan, scaffold.	h3595
h3529	keb-awr'	כְּבָר	Kᵉbâr	the same as {{h3528}}; length; Kebar, a river of Mesopotamia; Chebar. Compare {{h2249}}.	h3529
h3528	keb-awr'	כְּבָר	kᵉbâr	from {{h3527}}; properly, extent of time, i.e. a great while; hence, long ago, formerly, hitherto; already, (seeing that which), now.	h3528
h3527	kaw-bar'	כָּבַר	kâbar	a primitive root; properly, to plait together, i.e. (figuratively) to augment (especially in number or quantity, to accumulate); in abundance, multiply.	h3527
h3526	kaw-bas'	כָּבַס	kâbaç	a primitive root; to trample; hence, to wash (properly, by stamping with the feet), whether literal (including the fulling process) or figurative; fuller, wash(-ing).	h3526
h3525	keh'-bel	כֶּבֶל	kebel	from an unused root meaning to twine or braid together; a fetter; fetter.	h3525
h3524	kab-beer'	כַּבִּיר	kabbîyr	from {{h3527}}; vast, whether in extent (figuratively, of power, mighty; of time, aged), or in number, many; feeble, mighty, most, much, strong, valiant.	h3524
h3523	keb-eer	כְּבִיר	kᵉbîyr	from {{h3527}} in the original sense of plaiting; a matrass (of intertwined materials); pillow.	h3523
h3522	kab-bone'	כַּבּוֹן	Kabbôwn	from an unused root meaning to heap up; hilly; Cabon, a place in Palestine; Cabbon.	h3522
h3521	kaw-bool'	כָּבוּל	Kâbûwl	from the same as {{h3525}} in the sense of limitation; sterile; Cabul, the name of two places in Palestine; Cabul.	h3521
h3520	keb-ood-daw'	כְּבוּדָּה	kᵉbûwddâh	irregular feminine passive participle of {{h3513}}; weightiness, i.e. magnificence, wealth; carriage, all glorious, stately.	h3520
h3538	ked-ab'	כְּדַב	kᵉdab	(Aramaic) from a root corresponding to {{h3576}}; false; lying.	h3538
h3539	kad-kode'	כַּדְכֹּד	kadkôd	from the same as {{h3537}} in the sense of striking fire from a metal forged; a sparkling gem, probably the ruby; agate.	h3539
h3530	kib-raw'	כִּבְרָה	kibrâh	feminine of {{h3528}}; properly, length, i.e. a measure (of uncertain dimension); × little.	h3530
h3531	keb-aw-raw'	כְּבָרָה	kᵉbârâh	from {{h3527}} in its original sense; a sieve (as netted); sieve.	h3531
h3532	keh-bes'	כֶּבֶשׂ	kebes	from an unused root meaning to dominate; a ram (just old enough to butt); lamb, sheep.	h3532
h3533	kaw-bash'	כָּבַשׁ	kâbash	a primitive root; to tread down; hence, negatively, to disregard; positively, to conquer, subjugate, violate; bring into bondage, force, keep under, subdue, bring into subjection.	h3533
h3534	keh'-besh	כֶּבֶשׁ	kebesh	from {{h3533}}; a footstool (as trodden upon); footstool.	h3534
h3535	kib-saw'	כִּבְשָׂה	kibsâh	or כַּבְשָׂה; feminine of {{h3532}}; a ewe; (ewe) lamb.	h3535
h3536	kib-shawn'	כִּבְשָׁן	kibshân	from {{h3533}}; a smelting furnace (as reducing metals); furnace.	h3536
h3537	kad	כַּד	kad	from an unused root meaning to deepen; properly, a pail; but generally of earthenware; a jar for domestic purposes; barrel, pitcher.	h3537
h3549	kaw-hane'	כָּהֵן	kâhên	(Aramaic) corresponding to {{h3548}}; priest.	h3549
h3548	ko-hane'	כֹּהֵן	kôhên	active participle of {{h3547}}; literally one officiating, a priest; also (by courtesy) an acting priest (although a layman); chief ruler, × own, priest, prince, principal officer.	h3548
h3545	kay-haw'	כֵּהָה	kêhâh	feminine of {{h3544}}; properly, a weakening; figuratively, alleviation, i.e. cure; healing.	h3545
h3544	kay-heh'	כֵּהֶה	kêheh	from {{h3543}}; feeble, obscure; somewhat dark, darkish, wax dim, heaviness, smoking.	h3544
h3547	kaw-han'	כָּהַן	kâhan	a primitive root, apparently meaning to mediate in religious services; but used only as denominative from {{h3548}}; to officiate as a priest; figuratively, to put on regalia; deck, be (do the office of a, execute the, minister in the) priest('s office).	h3547
h3546	keh-hal'	כְּהַל	kᵉhal	(Aramaic) a root corresponding to and {{h3557}}; to be able; be able, could.	h3546
h3541	ko	כֹּה	kôh	from the prefix k and {{h1931}}; properly, like this, i.e. by implication, (of manner) thus (or so); also (of place) here (or hither); or (of time) now; also, here,   hitherto, like, on the other side, so (and much), such, on that manner, (on) this (manner, side, way, way and that way),   mean while, yonder.	h3541
h3540	ked-or-law-o'-mer	כְּדׇרְלָעֹמֶר	Kᵉdorlâʻômer	of foreign origin; Kedorlaomer, an early Persian king; Chedorlaomer.	h3540
h3543	kaw-haw'	כָּהָה	kâhâh	a primitive root; to be weak, i.e. (figuratively) to despond (causatively, rebuke), or (of light, the eye) to grow dull; darken, be dim, fail, faint, restrain, × utterly.	h3543
h3542	kaw	כָּה	kâh	(Aramaic) corresponding to {{h3541}}; hitherto.	h3542
h3558	koo-mawz'	כּוּמָז	kûwmâz	from an unused root meaning to store away; a jewel (probably gold beads); tablet.	h3558
h3559	koon	כּוּן	kûwn	a primitive root; properly, to be erect (i.e. stand perpendicular); hence (causatively) to set up, in a great variety of applications, whether literal (establish, fix, prepare, apply), or figurative (appoint, render sure, proper or prosperous); certain(-ty), confirm, direct, faithfulness, fashion, fasten, firm, be fitted, be fixed, frame, be meet, ordain, order, perfect, (make) preparation, prepare (self), provide, make provision, (be, make) ready, right, set (aright, fast, forth), be stable, (e-) stablish, stand, tarry, × very deed.	h3559
h3556	ko-kawb'	כּוֹכָב	kôwkâb	probably from the same as {{h3522}} (in the sense of rolling) or {{h3554}} (in the sense of blazing); a star (as round or as shining); figuratively, a prince; star(-gazer).	h3556
h3557	kool	כּוּל	kûwl	a primitive root; properly, to keep in; hence, to measure; figuratively, to maintain (in various senses); (be able to, can) abide, bear, comprehend, contain, feed, forbearing, guide, hold(-ing in), nourish(-er), be present, make provision, receive, sustain, provide sustenance (victuals).	h3557
h3554	kaw-vaw'	כָּוָה	kâvâh	a primitive root; properly, to prick or penetrate; hence, to blister (as smarting or eating into); burn.	h3554
h3555	kev-ee-yaw'	כְּוִיָּה	kᵉvîyâh	from {{h3554}}; a branding; burning.	h3555
h3552	koob	כּוּב	Kûwb	of foreign derivation; Kub, a country near Egypt; Chub.	h3552
h3553	ko'-bah	כּוֹבַע	kôwbaʻ	from an unused root meaning to be high or rounded; a helmet (as arched); helmet. Compare {{h6959}}.	h3553
h3550	keh-hoon-naw'	כְּהֻנָּה	kᵉhunnâh	from {{h3547}}; priesthood; priesthood, priest's office.	h3550
h3551	kav	כַּו	kav	(Aramaic) from a root corresponding to {{h3854}} in the sense of piercing; a window (as a perforation); window.	h3551
h3569	koo-shee'	כּוּשִׁי	Kûwshîy	patronymically from {{h3568}}; a Cushite, or descendant of Cush; Cushi, Cushite, Ethiopian(-s).	h3569
h3568	koosh	כּוּשׁ	Kûwsh	probably of foreign origin; Cush (or Ethiopia), the name of a son of Ham, and of his territory; also of an Israelite; Chush, Cush, Ethiopia.	h3568
h3563	koce	כּוֹס	kôwç	from an unused root meaning to hold together; a cup (as a container), often figuratively, a lot (as if a potion); also some unclean bird, probably an owl (perhaps from the cup-like cavity of its eye); cup, (small) owl. Compare {{h3599}}.	h3563
h3562	ko-nan-yaw'-hoo	כּוֹנַנְיָהוּ	Kôwnanyâhûw	from {{h3559}} and {{h3050}}; Jah has sustained; Conanjah, the name of two Israelites; Conaniah, Cononiah. Compare {{h3663}}.	h3562
h3561	kav-vawn'	כַּוָּן	kavvân	from {{h3559}}; something prepared, i.e. a sacrificial wafer; cake.	h3561
h3560	koon	כּוּן	Kûwn	probably from {{h3559}}; established; Kun, a place in Syria; Chun.	h3560
h3567	ko'-resh	כּוֹרֶשׁ	Kôwresh	(Aramaic) corresponding to {{h3566}}; Cyrus.	h3567
h3566	ko'-resh	כּוֹרֶשׁ	Kôwresh	or (Ezra 1:1 (last time),2) כֹּרֶשׁ; from the Persian; Koresh (or Cyrus), the Persian king; Cyrus.	h3566
h3565	kore aw-shawn'	כּוֹר עָשָׁן	Kôwr ʻÂshân	from {{h3564}} and {{h6227}}; furnace of smoke; Cor-Ashan, a place in Palestine; Chorashan.	h3565
h3564	koor	כּוּר	kûwr	from an unused root meaning properly, to dig through; a pot or furnace (as if excavated); furnace. Compare {{h3600}}.	h3564
h3574	ko-shaw-raw'	כּוֹשָׁרָה	kôwshârâh	from {{h3787}}; prosperity; in plural freedom; × chain.	h3574
h3575	kooth	כּוּת	Kûwth	or (feminine) כּוּתָה; of foreign origin; Cuth or Cuthah, a province of Assyria; Cuth.	h3575
h3576	kaw-zab'	כָּזַב	kâzab	a primitive root; to lie (i.e. deceive), literally or figuratively; fail, (be found a, make a) liar, lie, lying, be in vain.	h3576
h3577	kaw-zawb'	כָּזָב	kâzâb	from {{h3576}}; falsehood; literally (untruth) or figuratively (idol); deceitful, false, leasing,   liar, lie, lying.	h3577
h3570	koo-shee'	כּוּשִׁי	Kûwshîy	the same as {{h3569}}; Cushi, the name of two Israelites; Cushi.	h3570
h3571	koo-sheeth'	כּוּשִׁית	Kûwshîyth	feminine of {{h3569}}; a Cushite woman; Ethiopian.	h3571
h3572	koo-shawn'	כּוּשָׁן	Kûwshân	perhaps from {{h3568}}; Cushan, a region of Arabia; Cushan.	h3572
h3573	koo-shan' rish-awthah'-yim	כּוּשַׁן רִשְׁעָתַיִם	Kûwshan Rishʻâthayim	apparently from {{h3572}} and the dual of {{h7564}}; Cushan of double wickedness; Cushan-Rishathajim, a Mesopotamian king; Chushan-rishathayim.	h3573
h3578	ko-zeb-aw'	כֹּזְבָא	Kôzᵉbâʼ	from {{h3576}}; fallacious; Cozeba, a place in Palestine; Choseba.	h3578
h3579	koz-bee'	כֹּזְבִי	Kôzᵉbîy	from {{h3576}}; false; Cozbi, a Midianitess; Cozbi.	h3579
h3600	keer	כִּיר	kîyr	a form for {{h3564}} (only in the dual); a cooking range (consisting of two parallel stones, across which the boiler is set); ranges for pots.	h3600
h3501	yith-raw'	יִתְרָא	Yithrâʼ	by variation for {{h3502}}; Jithra, an Israelite (or Ishmaelite); Ithra.	h3501
h3503	yith-ro'	יִתְרוֹ	Yithrôw	from {{h3499}} with pron. suffix; his excellence; Jethro, Moses' father-in-law; Jethro. Compare {{h3500}}.	h3503
h3502	yith-raw'	יִתְרָה	yithrâh	feminine of {{h3499}}; properly, excellence, i.e. (by implication) wealth; abundance, riches.	h3502
h3505	yith-ree'	יִתְרִי	Yithrîy	patronymically from {{h3500}}; a Jithrite or descendant of Jether; Ithrite.	h3505
h3504	yith-rone'	יִתְרוֹן	yithrôwn	from {{h3498}}; preeminence, gain; better, excellency(-leth), profit(-able).	h3504
h3507	yith-reh-awm'	יִתְרְעָם	Yithrᵉʻâm	from {{h3499}} and {{h5971}}; excellence of people; Jithream, a son of David; Ithream.	h3507
h3506	yith-rawn'	יִתְרָן	Yithrân	from {{h3498}}; excellent; Jithran, the name of an Edomite and of an Israelite; Ithran.	h3506
h3509	yeh-thayth'	יְתֵת	Yᵉthêth	of uncertain derivation; Jetheth, an Edomite; Jetheth.	h3509
h3508	yo-theh'-reth	יֹתֶרֶת	yôthereth	feminine active participle of {{h3498}}; the lobe or flap of the liver (as if redundant or outhanging); caul.	h3508
h3589	keed	כִּיד	kîyd	from a primitive root meaning to strike; a crushing; figuratively, calamity; destruction.	h3589
h3588	kee	כִּי	kîy	a primitive particle (the full form of the prepositional prefix) indicating causal relations of all kinds, antecedent or consequent; (by implication) very widely used as a relative conjunction or adverb (as below); often largely modified by other particles annexed; and,   (forasmuch, inasmuch, where-) as, assured(-ly),   but, certainly, doubtless,   else, even,   except, for, how, (because, in, so, than) that,   nevertheless, now, rightly, seeing, since, surely, then, therefore,   (al-) though,   till, truly,   until, when, whether, while, whom, yea, yet.	h3588
h3581	ko'-akh	כֹּחַ	kôach	or (Daniel 11:6) כּוֹחַ; from an unused root meaning to be firm; vigor, literally (force, in a good or a bad sense) or figuratively (capacity, means, produce); also (from its hardiness) a large lizard; ability, able, chameleon, force, fruits, might, power(-ful), strength, substance, wealth.	h3581
h3580	kez-eeb'	כְּזִיב	Kᵉzîyb	from {{h3576}}; falsified; Kezib, a place in Palestine; Chezib.	h3580
h3583	kaw-khal'	כָּחַל	kâchal	a primitive root; to paint (with stibium); paint.	h3583
h3582	kaw-khad'	כָּחַד	kâchad	a primitive root; to secrete, by act or word; hence (intensively) to destroy; conceal, cut down (off), desolate, hide.	h3582
h3585	kakh'-ash	כַּחַשׁ	kachash	from {{h3584}}; literally a failure of flesh, i.e. emaciation; figuratively, hypocrisy; leanness, lies, lying.	h3585
h3584	kaw-khash'	כָּחַשׁ	kâchash	a primitive root; to be untrue, in word (to lie, feign, disown) or deed (to disappoint, fail, cringe); deceive, deny, dissemble, fail, deal falsely, be found liars, (be-) lie, lying, submit selves.	h3584
h3587	kee	כִּי	kîy	from {{h3554}}; a brand or scar; burning.	h3587
h3586	kekh-awsh'	כֶּחָשׁ	kechâsh	from {{h3584}}; faithless; lying.	h3586
