Key	Pronunciation	Lexeme	Transliteration	Definition	StrongsNumber
h3941	lap-pee-doth'	לַפִּידוֹת	Lappîydôwth	feminine plural of {{h3940}}; Lappidoth, the husband of Deborah; Lappidoth.	h3941
h3940	lap-peed'	לַפִּיד	lappîyd	or לַפִּד; from an unused root probably meaning to shine; a flambeau, lamp or flame; (fire-) brand, (burning) lamp, lightning, torch.	h3940
h3943	law-fath'	לָפַת	lâphath	a primitive root; properly, to bend, i.e. (by implication) to clasp; also (reflexively) to turn around or aside; take hold, turn aside (self).	h3943
h3942	lif-nah'ee	לִפְנַי	liphnay	from the prepositional prefix (to or for) and {{h6440}}; anterior; before.	h3942
h3945	law-tsats'	לָצַץ	lâtsats	a primitive root; to deride; scorn.	h3945
h3944	law-tsone'	לָצוֹן	lâtsôwn	from {{h3887}}; derision; scornful(-ning).	h3944
h3947	law-kakh'	לָקַח	lâqach	a primitive root; to take (in the widest variety of applications); accept, bring, buy, carry away, drawn, fetch, get, infold, × many, mingle, place, receive(-ing), reserve, seize, send for, take (away, -ing, up), use, win.	h3947
h3946	lak-koom'	לַקּוּם	Laqqûwm	from an unused root thought to mean to stop up by a barricade; perhaps fortification; Lakkum, a place in Palestine; Lakum.	h3946
h3949	lik-khee'	לִקְחִי	Liqchîy	from {{h3947}}; learned; Likchi, an Israelite; Likhi.	h3949
h3948	leh'-kakh	לֶקַח	leqach	from {{h3947}}; properly, something received, i.e. (mentally) instruction (whether on the part of the teacher or hearer); also (in an active and sinister sense) inveiglement; doctrine, learning, fair speech.	h3948
h4000	maw-bone'	מָבוֹן	mâbôwn	from {{h995}}; instructing; taught.	h4000
h3952	law-kak'	לָקַק	lâqaq	a primitive root; to lick or lap; lap, lick.	h3952
h3953	law-kash'	לָקַשׁ	lâqash	a primitive root; to gather the after crop; gather.	h3953
h3950	law-kat'	לָקַט	lâqaṭ	a primitive root; properly, to pick up, i.e. (generally) to gather; specifically, to glean; gather (up), glean.	h3950
h3951	leh'-ket	לֶקֶט	leqeṭ	from {{h3950}}; the gleaning; gleaning.	h3951
h3956	law-shone'	לָשׁוֹן	lâshôwn	or לָשֹׁן; also (in plural) feminine לְשֹׁנָה; from {{h3960}}; the tongue (of man or animals), used literally (as the instrument of licking, eating, or speech), and figuratively (speech, an ingot, a fork of flame, a cove of water); babbler, bay,   evil speaker, language, talker, tongue, wedge.	h3956
h3957	lish-kaw'	לִשְׁכָּה	lishkâh	from an unused root of uncertain meaning; a room in a building (whether for storage, eating, or lodging); chamber, parlour. Compare {{h5393}}.	h3957
h3954	leh'-kesh	לֶקֶשׁ	leqesh	from {{h3953}}; the after crop; latter growth.	h3954
h3955	lesh-ad'	לְשַׁד	lᵉshad	from an unused root of uncertain meaning; apparently juice, i.e.; (figuratively) vigor; also a sweet or fat cake; fresh, moisture.	h3955
h3958	leh'-shem	לֶשֶׁם	leshem	from an unused root of uncertain meaning; a gem, perhaps the jacinth; ligure.	h3958
h3959	leh'-shem	לֶשֶׁם	Leshem	the same as {{h3958}}; Leshem, a place in Palestine; Leshem.	h3959
h3969	meh-aw'	מְאָה	mᵉʼâh	(Aramaic) corresponding to {{h3967}}; properly, a primitive numeral; a hundred; also as a multiplicative and a fraction}; hundred.	h3969
h3968	may-aw'	מֵאָה	Mêʼâh	the same as {{h3967}}; Meah, a tower in Jerusalem; Meah.	h3968
h3967	may-aw'	מֵאָה	mêʼâh	or מֵאיָה; properly, a primitive numeral; a hundred; also as a multiplicative and a fraction; hundred((-fold), -th),   sixscore.	h3967
h3966	meh-ode'	מְאֹד	mᵉʼôd	from the same as {{h181}}; properly, vehemence, i.e. (with or without preposition) vehemently; by implication, wholly, speedily, etc. (often with other words as an intensive or superlative; especially when repeated); diligently, especially, exceeding(-ly), far, fast, good, great(-ly), × louder and louder, might(-ily, -y), (so) much, quickly, (so) sore, utterly, very (  much, sore), well.	h3966
h3965	mah-ab-ooce'	מַאֲבוּס	maʼăbûwç	from {{h75}}; a granary; storehouse.	h3965
h3964	maw	מָא	mâʼ	(Aramaic) corresponding to {{h4100}}; (as indefinitely) that; + what.	h3964
h3963	leh'-thek	לֶתֶךְ	lethek	from an unused root of uncertain meaning; a measure for things dry; half homer.	h3963
h3962	leh'-shah	לֶשַׁע	Leshaʻ	from an unused root thought to mean to break through; a boiling spring; Lesha, a place probably East of the Jordan; Lasha.	h3962
h3961	lish-shawn'	לִשָּׁן	lishshân	(Aramaic) corresponding to {{h3956}}; speech, i.e. a nation; language.	h3961
h3960	law-shan'	לָשַׁן	lâshan	a primitive root; properly, to lick; but used only as a denominative from {{h3956}}; to wag the tongue, i.e. to calumniate; accuse, slander.	h3960
h3978	mah-ak-awl'	מַאֲכָל	maʼăkâl	from {{h398}}; an eatable (includ. provender, flesh and fruit); food, fruit, (bake-)meat(-s), victual.	h3978
h3979	mah-ak-eh'-leth	מַאֲכֶלֶת	maʼăkeleth	from {{h398}}; something to eat with, i.e. a knife; knife.	h3979
h3970	mah-av-ah'ee	מַאֲוַי	maʼăvay	from {{h183}}; a desire; desire.	h3970
h3971	moom	מאוּם	mʼûwm	usually מוּם; as if passive participle from an unused root probably meaning to stain; a blemish (physically or morally); blemish, blot, spot.	h3971
h3972	meh-oo'-maw	מְאוּמָה	mᵉʼûwmâh	apparently a form of {{h3971}}; properly, a speck or point, i.e. (by implication) something; with negative, nothing; fault,   no(-ught), ought, somewhat, any (no-)thing.	h3972
h3973	maw-oce'	מָאוֹס	mâʼôwç	from {{h3988}}; refuse; refuse.	h3973
h3974	maw-ore'	מָאוֹר	mâʼôwr	or מָאֹר; also (in plural) feminine מְאוֹרָה; or מְאֹרָה; from {{h215}}; properly, a luminous body or luminary, i.e. (abstractly) light (as an element); figuratively, brightness, i.e.cheerfulness; specifically, a chandelier; bright, light.	h3974
h3975	meh-oo-raw'	מְאוּרָה	mᵉʼûwrâh	feminine passive participle of {{h215}}; something lighted, i.e. an aperture; by implication, a crevice or hole (of a serpent); den.	h3975
h3976	mo-zane'	מֹאזֵן	môʼzên	from {{h239}}; (only in the dual) a pair of scales; balances.	h3976
h3977	mo-zane'	מֹאזֵן	môʼzên	(Aramaic) corresponding to {{h3976}}; balances.	h3977
h3909	lawt	לָט	lâṭ	a form of {{h3814}} or else participle from {{h3874}}; properly, covered, i.e. secret; by implication, incantation; also secrecy or (adverb) covertly; enchantment, privily, secretly, softly.	h3909
h3908	lakh'-ash	לַחַשׁ	lachash	from {{h3907}}; properly, a whisper, i.e. by implication, (in a good sense) a private prayer, (in a bad one) an incantation; concretely, an amulet; charmed, earring, enchantment, orator, prayer.	h3908
h3905	law-khats'	לָחַץ	lâchats	a primitive root; properly, to press, i.e. (figuratively) to distress; afflict, crush, force, hold fast, oppress(-or), thrust self.	h3905
h3904	lekh-ay-naw'	לְחֵנָה	lᵉchênâh	(Aramaic) from an unused root of uncertain meaning; a concubine; concubine.	h3904
h3907	law-khash'	לָחַשׁ	lâchash	a primitive root; to whisper; by implication, to mumble a spell (as a magician); charmer, whisper (together).	h3907
h3906	lakh'-ats	לַחַץ	lachats	from {{h3905}}; distress; affliction, oppression.	h3906
h3901	law-khem'	לָחֶם	lâchem	from {{h3898}},; battle; war.	h3901
h3903	lakh-maws'	לַחְמָס	Lachmâç	probably by erroneous transcription for לַחְמָם; from {{h3899}}; food-like; Lachmam or Lachmas, a place in Palestine; Lahmam.	h3903
h3902	lakh-mee'	לַחְמִי	Lachmîy	from {{h3899}}; foodful; (or perhaps erroneous transcription) for {{h1022}}; Lachmi, an Israelite; or rather probably a brief form; Lahmi. See also {{h3433}}.	h3902
h3985	maw-ane'	מָאֵן	mâʼên	a primitive root; to refuse; refuse, × utterly.	h3985
h3984	mawn	מָאן	mâʼn	(Aramaic) probably from a root corresponding to {{h579}} in the sense of an inclosure by sides; a utensil; vessel.	h3984
h3987	may-ane'	מֵאֵן	mêʼên	from {{h3985}}; refractory; refuse.	h3987
h3986	maw-ane'	מָאֵן	mâʼên	from {{h3985}}; unwilling; refuse.	h3986
h3981	mah-am-awts'	מַאֲמָץ	maʼămâts	from {{h553}}; strength, i.e. (plural) resources; force.	h3981
h3980	mah-ak-o'-leth	מַאֲכֹלֶת	maʼăkôleth	from {{h398}}; something eaten (by fire), i.e. fuel; fuel.	h3980
h3983	may-mar'	מֵאמַר	mêʼmar	(Aramaic) corresponding to {{h3982}}; appointment, word.	h3983
h3982	mah-am-ar'	מַאֲמַר	maʼămar	from {{h559}}; something (authoritatively) said, i.e. an edict; commandment, decree.	h3982
h3989	mah-af-eh'	מַאֲפֶה	maʼăpheh	from {{h644}}; something baked, i.e. a batch; baken.	h3989
h3988	maw-as'	מָאַס	mâʼaç	a primitive root; to spurn; also (intransitively) to disappear; abhor, cast away (off), contemn, despise, disdain, (become) loathe(some), melt away, refuse, reject, reprobate, × utterly, vile person.	h3988
h3918	lah'-yish	לַיִשׁ	layish	from {{h3888}} in the sense of crushing; a lion (from his destructive blows); (old) lion.	h3918
h3919	lah'-yish	לַיִשׁ	Layish	the same as {{h3918}}; Laish, the name of two places in Palestine; Laish. Compare {{h3889}}.	h3919
h3916	lay-leh-yaw'	לֵילְיָא	lêylᵉyâʼ	(Aramaic) corresponding to {{h3815}}; night.	h3916
h3917	lee-leeth'	לִילִית	lîylîyth	from {{h3915}}; a night spectre; screech owl.	h3917
h3914	lo-yaw'	לֹיָה	lôyâh	a form of {{h3880}}; a wreath; addition.	h3914
h3915	lah'-yil	לַיִל	layil	or (Isaiah 21:11) לֵיל; also לַיְלָה; from the same as {{h3883}}; properly, a twist (away of the light), i.e. night; figuratively, adversity; (mid-)night (season).	h3915
h3912	let-oo-sheem'	לְטוּשִׁם	Lᵉṭûwshim	masculine plural of passive participle of {{h3913}}; hammered (i.e. oppressed) ones; Letushim, an Arabian tribe; Letushim.	h3912
h3913	law-tash'	לָטַשׁ	lâṭash	a primitive root; properly, to hammer out (an edge), i.e. to sharpen; instructer, sharp(-en), whet.	h3913
h3910	lote	לֹט	lôṭ	probably from {{h3874}}; a gum (from its sticky nature), probably ladanum; myrrh.	h3910
h3911	let-aw-aw'	לְטָאָה	lᵉṭâʼâh	from an unused root meaning to hide; a kind of lizard (from its covert habits); lizard.	h3911
h3996	maw-bo'	מָבוֹא	mâbôwʼ	from {{h935}}; (with or without {{h8121}}); an entrance (the place or the act); specifically sunset or the west; also (adverb with preposition) towards; by which came, as cometh, in coming, as men enter into, entering, entrance into, entry, where goeth, going down,   westward. Compare {{h4126}}.	h3996
h3997	meb-o-aw'	מְבוֹאָה	mᵉbôwʼâh	feminine of {{h3996}}; a haven; entry.	h3997
h3994	meh-ay-raw'	מְאֵרָה	mᵉʼêrâh	from {{h779}}; an execration; curse.	h3994
h3995	mib-daw-law'	מִבְדָּלָה	mibdâlâh	from {{h914}}; a separation, i.e. (concretely) a separate place; separate.	h3995
h3992	maw-ar'	מָאַר	mâʼar	a primitive root; to be bitter or (causatively) to embitter, i.e. be painful; fretting, picking.	h3992
h3993	mah-ar-awb'	מַאֲרָב	maʼărâb	from {{h693}}; an ambuscade; lie in ambush, ambushment, lurking place, lying in wait.	h3993
h3990	mah-af-ale'	מַאֲפֵל	maʼăphêl	from the same as {{h651}}; something opaque; darkness.	h3990
h3991	mah-af-ay-leh-yaw'	מַאְפֵלְיָה	maʼphêlᵉyâh	prolonged feminine of {{h3990}}; opaqueness; darkness.	h3991
h3998	meb-oo-kaw'	מְבוּכָה	mᵉbûwkâh	from {{h943}}; perplexity; perplexity.	h3998
h3999	mab-bool'	מַבּוּל	mabbûwl	from {{h2986}} in the sense of flowing; a deluge; flood.	h3999
h3929	leh'-mek	לֶמֶךְ	Lemek	from an unused root of uncertain meaning; Lemek, the name of two antediluvian patriarchs; Lamech.	h3929
h3928	lim-mood'	לִמּוּד	limmûwd	or לִמֻּד; from {{h3925}}; instructed; accustomed, disciple, learned, taught, used.	h3928
h3923	law-keesh'	לָכִישׁ	Lâkîysh	from an unused root of uncertain meaning; Lakish, a place in Palestine; Lachish.	h3923
h3922	lay-kaw'	לֵכָה	lêkâh	from {{h3212}}; a journey; Lekah, a place in Palestine; Lecah.	h3922
h3921	leh'ked	לֶכֶד	leked	from {{h3920}}; something to capture with, i.e. a noose; being taken.	h3921
h3920	law-kad'	לָכַד	lâkad	a primitive root; to catch (in a net, trap or pit); generally, to capture or occupy; also to choose (by lot); figuratively, to cohere; × at all, catch (self), be frozen, be holden, stick together, take.	h3920
h3927	lem-oo-ale'	לְמוּאֵל	Lᵉmûwʼêl	or לְמוֹאֵל; from {{h3926}} and {{h410}}; (belonging) to God; Lemuel or Lemoel, a symbolic name of Solomon; Lemuel.	h3927
h3926	lem-o'	לְמוֹ	lᵉmôw	a prolonged and separable form of the prepositional prefix; to or for; at, for, to, upon.	h3926
h3925	law-mad'	לָמַד	lâmad	a primitive root; properly, to goad, i.e. (by implication) to teach (the rod being an Oriental incentive); (un-) accustomed, × diligently, expert, instruct, learn, skilful, teach(-er, -ing).	h3925
h3924	loo-law-aw'	לֻלָאָה	lulâʼâh	from the same as {{h3883}}; a loop; loop.	h3924
h3934	law-ayg'	לָעֵג	lâʻêg	from {{h3932}}; a buffoon; also a foreigner; mocker, stammering.	h3934
h3935	lah-daw'	לַעְדָּה	Laʻdâh	from an unused root of uncertain meaning; Ladah, an Israelite; Laadah.	h3935
h3936	lah-dawn'	לַעְדָּן	Laʻdân	from the same as {{h3935}}; Ladan, the name of two Israelites; Laadan.	h3936
h3937	law-az'	לָעַז	lâʻaz	a primitive root; to speak in a foreign tongue; strange language.	h3937
h3930	lo'ah	לֹעַ	lôaʻ	from {{h3886}}; the gullet; throat.	h3930
h3931	law-ab'	לָעַב	lâʻab	a primitive root; to deride; mock.	h3931
h3932	law-ag'	לָעַג	lâʻag	a primitive root; to deride; by implication (as if imitating a foreigner) to speak unintelligibly; have in derision, laugh (to scorn), mock (on), stammering.	h3932
h3933	lah'-ag	לַעַג	laʻag	from {{h3932}}; derision, scoffing; derision, scorn (-ing).	h3933
h3938	law-at'	לָעַט	lâʻaṭ	a primitive root; to swallow greedily; causatively, to feed; feed.	h3938
h3939	lah-an-aw'	לַעֲנָה	laʻănâh	from an unused root supposed to mean to curse; wormwood (regarded as poisonous, and therefore accursed); hemlock, wormwood.	h3939
