Key	Pronunciation	Lexeme	Transliteration	Definition	StrongsNumber
h4768	mar-beeth'	מַרְבִּית	marbîyth	from {{h7235}}; a multitude; also offspring; specifically interest (on capital); greatest part, greatness, increase, multitude.	h4768
h4769	mar-bates'	מַרְבֵּץ	marbêts	from {{h7257}}; a reclining place, i.e. fold (for flocks); couching place, place to lie down.	h4769
h4760	moor-aw'	מֻרְאָה	murʼâh	apparently feminine passive causative participle of {{h7200}}; something conspicuous, i.e. the craw of a bird (from its prominence); crop.	h4760
h4761	mar-aw-shaw'	מַרְאָשָׁה	marʼâshâh	denominative from {{h7218}}; properly, headship, i.e. (plural for collective) dominion; principality.	h4761
h4762	mar-ay-shaw'	מַרְאֵשָׁה	Marʼêshâh	or מַרֵשָׁה; formed like {{h4761}}; summit; Mareshah, the name of two Israelites and of a place in Palestine; Mareshah.	h4762
h4763	mer-ah-ash-aw'	מְרַאֲשָׁה	mᵉraʼăshâh	formed like {{h4761}}; properly, a headpiece, i.e. (plural for adverbial) at (or as) the head-rest (or pillow); bolster, head, pillow. Compare {{h4772}}.	h4763
h4764	may-rawb'	מֵרָב	Mêrâb	from {{h7231}}; increase; Merab, a daughter of Saul; Merab.	h4764
h4765	mar-bad'	מַרְבַד	marbad	from {{h7234}}; a coverlet; covering of tapestry.	h4765
h4766	mar-beh'	מַרְבֶה	marbeh	from {{h7235}}; properly, increasing; as noun, greatness, or (adverbially) greatly; great, increase.	h4766
h4767	meer-baw'	מִרְבָּה	mirbâh	from {{h7235}}; abundance, i.e. a great quantity; much.	h4767
h4719	mak-kay-daw'	מַקֵּדָה	Maqqêdâh	from the same as {{h5348}} in the denominative sense of herding (compare {{h5349}}); fold; Makkedah, a place in Palestine; Makkedah.	h4719
h4718	mak-keh'-beth	מַקֶּבֶת	maqqebeth	from {{h5344}}; properly, a perforator, i.e. a hammer (as piercing); also (intransitively) a perforation, i.e. a quarry; hammer, hole.	h4718
h4715	mits-rafe'	מִצְרֵף	mitsrêph	from {{h6884}}; a crucible; fining pot.	h4715
h4714	mits-rah'-yim	מִצְרַיִם	Mitsrayim	dual of {{h4693}}; Mitsrajim, i.e. Upper and Lower Egypt; Egypt, Egyptians, Mizraim.	h4714
h4717	mak-kaw-baw'	מַקָּבָה	maqqâbâh	from {{h5344}}; properly, a perforatrix, i.e. a hammer (as piercing); hammer.	h4717
h4716	mak	מַק	maq	from {{h4743}}; properly, a melting, i.e. putridity; rottenness, stink.	h4716
h4711	maw-tsats'	מָצַץ	mâtsats	a primitive root; to suck; milk.	h4711
h4710	mits-poon'	מִצְפֻּן	mitspun	from {{h6845}}; a secret (place or thing, perhaps, treasure); hidden thing.	h4710
h4713	mits-ree'	מִצְרִי	Mitsrîy	from {{h4714}}; a Mitsrite, or inhabitant of Mitsrajim; Egyptian, of Egypt.	h4713
h4712	may-tsar'	מֵצַר	mêtsar	from {{h6869}}; something tight, i.e. (figuratively) trouble; distress, pain, strait.	h4712
h4795	maw-rook'	מָרוּק	mârûwq	from {{h4838}}; properly, rubbed; but used abstractly, a rubbing (with perfumery); purification.	h4795
h4794	mer-oo-tsaw'	מְרוּצָה	mᵉrûwtsâh	or מְרֻצָה; feminine of {{h4793}}; a race (the act), whether the manner or the progress; course, running. Compare {{h4835}}.	h4794
h4797	meer-zakh'	מִרְזַח	mirzach	from an unused root meaning to scream; a cry, i.e. (of job), a revel; banquet.	h4797
h4796	maw-rohth'	מָרוֹת	Mârôwth	plural of {{h4751}} feminine; bitter springs; Maroth, a place in Palestine; Maroth.	h4796
h4791	maw-rome'	מָרוֹם	mârôwm	from {{h7311}}; altitude, i.e. concretely (an elevated place), abstractly (elevation, figuratively (elation), or adverbially (aloft); (far) above, dignity, haughty, height, (most, on) high (one, place), loftily, upward.	h4791
h4790	mer-o-akh'	מְרוֹחַ	mᵉrôwach	from {{h4799}}; bruised, i.e. emasculated; broken.	h4790
h4793	may-rotes'	מֵרוֹץ	mêrôwts	from {{h7323}}; a run (the trial of speed); race.	h4793
h4792	may-rome'	מֵרוֹם	Mêrôwm	formed like {{h4791}}; height; Merom, a lake in Palestine; Merom.	h4792
h4799	maw-rakh'	מָרַח	mârach	a primitive root; properly, to soften by rubbing or pressure; hence (medicinally) to apply as an emollient; lay for a plaister.	h4799
h4798	mar-zay'-akh	מַרְזֵחַ	marzêach	formed like {{h4797}}; a cry, i.e. (of grief) a lamentation; mourning.	h4798
h4708	mits-peh'	מִצְפֶּה	Mitspeh	the same as {{h4707}}; Mitspeh, the name of five places in Palestine; Mizpeh, watch tower. Compare {{h4709}}.	h4708
h4709	mits-paw'	מִצְפָּה	Mitspâh	feminine of {{h4708}}; Mitspah, the name of two places in Palestine; Mitspah. (This seems rather to be only an orthographic variation of {{h4708}} when 'in pause'.)	h4709
h4706	mits-awr'	מִצְעָר	Mitsʻâr	the same as {{h4705}}; Mitsar, a peak of Lebanon; Mizar.	h4706
h4707	mits-peh'	מִצְפֶּה	mitspeh	from {{h6822}}; an observatory, especially for military purposes; watch tower.	h4707
h4704	mits-tseh-ee-raw'	מִצְּעִירָה	mitstsᵉʻîyrâh	feminine of {{h4705}}; properly, littleness; concretely, diminutive; little.	h4704
h4705	mits-awr'	מִצְעָר	mitsʻâr	from {{h6819}}; petty (in size or number); adverbially, a short (time); little one (while), small.	h4705
h4702	mats-tsaw'	מַצָּע	matstsâʻ	from {{h3331}}; a couch; bed.	h4702
h4703	mits-awd'	מִצְעָד	mitsʻâd	from {{h6805}}; a step; figuratively, companionship; going, step.	h4703
h4701	mits-neh'-feth	מִצְנֶפֶת	mitsnepheth	from {{h6801}}; a tiara, i.e. official turban (of a king or high priest); diadem, mitre.	h4701
h4786	mo-raw'	מֹרָה	môrâh	from {{h4843}}; bitterness, i.e. (figuratively) trouble; grief.	h4786
h4787	mor-raw'	מׇרָּה	morrâh	a form of {{h4786}}; trouble; bitterness.	h4787
h4784	maw-raw'	מָרָה	mârâh	a primitive root; to be (causatively, make) bitter (or unpleasant); (figuratively) to rebel (or resist; causatively, to provoke); bitter, change, be disobedient, disobey, grievously, provocation, provoke(-ing), (be) rebel (against, -lious).	h4784
h4785	maw-raw'	מָרָה	Mârâh	the same as {{h4751}} feminine; bitter; Marah, a place in the Desert; Marah.	h4785
h4782	mor-dek-ah'-ee	מׇרְדְּכַי	Mordᵉkay	of foreign derivation; Mordecai, an Israelite; Mordecai.	h4782
h4783	moor-dawf'	מֻרְדָּף	murdâph	from {{h7291}}; persecuted; persecuted.	h4783
h4780	mar-dooth'	מַרְדּוּת	mardûwth	from {{h4775}}; rebelliousness; × rebellious.	h4780
h4781	mer-o-dawk'	מְרֹדָךְ	Mᵉrôdâk	of foreign derivation; Merodak, a Babylonian idol; Merodach. Compare {{h4757}}.	h4781
h4788	maw-rood'	מָרוּד	mârûwd	from {{h7300}} in the sense of maltreatment; an outcast; (abstractly) destitution; cast out, misery.	h4788
h4789	may-roze'	מֵרוֹז	Mêrôwz	of uncertain derivation; Meroz, a place in Palestine; Meroz.	h4789
h4739	maw-kats'	מָקַץ	Mâqats	from {{h7112}}; end; Makats, a place in Palestine; Makaz.	h4739
h4738	mik-sawn'	מִקְסָם	miqçâm	from {{h7080}}; an augury; divination.	h4738
h4733	mik-lawt'	מִקְלָט	miqlâṭ	from {{h7038}} in the sense of taking in; an asylum (as a receptacle); refuge.	h4733
h4732	mik-lohth'	מִקְלוֹת	Miqlôwth	(or perhaps mik-kel-ohth') plural of (feminine) {{h4731}}; rods; Mikloth, a place in the Desert; Mikloth.	h4732
h4731	mak-kale	מַקֵּל	maqqêl	or (feminine) מַקְּלָה; from an unused root meaning apparently to germinate; a shoot, i.e. stick (with leaves on, or for walking, striking, guiding, divining); rod, (hand-)staff.	h4731
h4730	mik-teh'-reth	מִקְטֶרֶת	miqṭereth	feminine of {{h4729}}; something to fume (incense) in, i.e. a coal-pan; censer.	h4730
h4737	mik-nay-yaw'-hoo	מִקְנֵיָהוּ	Miqnêyâhûw	from {{h4735}} and {{h3050}}; possession of Jah; Miknejah, an Israelite; Mikneiah.	h4737
h4736	mik-naw'	מִקְנָה	miqnâh	feminine of {{h4735}}; properly, a buying, i.e. acquisition; concretely, a piece of property (land or living); also the sum paid; (he that is) bought, possession, piece, purchase.	h4736
h4735	mik-neh'	מִקְנֶה	miqneh	from {{h7069}}; something bought, i.e. property, but only live stock; abstractly, acquisition; cattle, flock, herd, possession, purchase, substance.	h4735
h4734	mik-lah'-ath	מִקְלַעַת	miqlaʻath	from {{h7049}}; a sculpture (probably in bas-relief); carved (figure), carving, graving.	h4734
h4724	mik-vaw'	מִקְוָה	miqvâh	feminine of {{h4723}}; a collection, i.e. (of water) a reservoir; ditch.	h4724
h4725	maw-kome'	מָקוֹם	mâqôwm	or מָקֹם; also (feminine) מְקוֹמָה; or מְקֹמָה; from {{h6965}}; properly, a standing, i.e. a spot; but used widely of a locality (general or specific); also (figuratively) of a condition (of body or mind); country, × home, × open, place, room, space, × whither(-soever).	h4725
h4726	maw-kore'	מָקוֹר	mâqôwr	or מָקֹר; from {{h6979}}; properly, something dug, i.e. a (general) source (of water, even when naturally flowing; also of tears, blood (by euphemism, of the female pudenda); figuratively, of happiness, wisdom, progeny); fountain, issue, spring, well(-spring).	h4726
h4727	mik-kawkh'	מִקָּח	miqqâch	from {{h3947}}; reception; taking.	h4727
h4720	mik-dawsh'	מִקְדָּשׁ	miqdâsh	or מִקְּדָשׁ; (Exodus 15:17), from {{h6942}}; a consecrated thing or place, especially, a palace, sanctuary (whether of Jehovah or of idols) or asylum; chapel, hallowed part, holy place, sanctuary.	h4720
h4721	mak-hale'	מַקְהֵל	maqhêl	or (feminine) מַקְהֵלָה; from {{h6950}}; an assembly; congregation.	h4721
h4722	mak-hay-loth'	מַקְהֵלֹת	Maqhêlôth	plural of {{h4721}} (feminine); assemblies; Makheloth, a place in the Desert; Makheloth.	h4722
h4723	mik-veh'	מִקְוֶה	miqveh	or מִקְוֵה; (1 Kings 10:28), or מִקְוֵאlemma מִּקְוֵא extra dagesh, corrected to מִקְוֵא; (2 Chronicles 1:16), from {{h6960}}; something waited for, i.e. confidence (objective or subjective); also a collection, i.e. (of water) a pond, or (of men and horses) a caravan or drove; abiding, gathering together, hope, linen yarn, plenty (of water), pool.	h4723
h4800	mer-khawb'	מֶרְחָב	merchâb	from {{h7337}}; enlargement, either literally (an open space, usually in a good sense), or figuratively (liberty); breadth, large place (room).	h4800
h4728	mak-kaw-khaw'	מַקָּחָה	maqqâchâh	from {{h3947}}; something received, i.e. merchandise (purchased); ware.	h4728
h4729	mik-tawr'	מִקְטָר	miqṭâr	from {{h6999}}; something to fume (incense) on i.e. a hearth place; to burn...upon.	h4729
h4751	mar	מַר	mar	or (feminine) מָרָה; from {{h4843}}; bitter (literally or figuratively); also (as noun) bitterness, or (adverbially) bitterly; angry, bitter(-ly, -ness), chafed, discontented, × great, heavy.	h4751
h4750	mik-shaw'	מִקְשָׁה	miqshâh	denominative from {{h7180}}; literally a cucumbered field, i.e. a cucumber patch; garden of cucumbers.	h4750
h4753	more	מֹר	môr	or מוֹר; from {{h4843}}; myrrh (as distilling in drops, and also as bitter); myrrh.	h4753
h4752	mar	מַר	mar	from {{h4843}} in its original sense of distillation; a drop; drop.	h4752
h4755	maw-raw'	מָרָא	Mârâʼ	for {{h4751}} feminine; bitter; Mara, a symbolic name of Naomi; Mara.	h4755
h4754	maw-raw'	מָרָא	mârâʼ	a primitive root; to rebel; hence (through the idea of maltreating) to whip, i.e. lash (self with wings, as the ostrich in running); be filthy, lift up self.	h4754
h4757	mer-o-dak' bal-awdawn'	מְרֹאדַךְ בַּלְאָדָן	Mᵉrôʼdak Balʼâdân	of foreign derivation; Merodak-Baladan, a Babylonian king; Merodach-baladan. Compare {{h4781}}.	h4757
h4756	maw-ray'	מָרֵא	mârêʼ	(Aramaic) from a root corresponding to {{h4754}} in the sense of domineering; a master; lord, Lord.	h4756
h4759	mar-aw'	מַרְאָה	marʼâh	feminine of {{h4758}}; a vision; also (causatively) a mirror; looking glass, vision.	h4759
h4758	mar-eh'	מַרְאֶה	marʼeh	from {{h7200}}; a view (the act of seeing); also an appearance (the thing seen), whether (real) a shape (especially if handsome, comeliness; often plural the looks), or (mental) a vision; × apparently, appearance(-reth), × as soon as beautiful(-ly), countenance, fair, favoured, form, goodly, to look (up) on (to), look(-eth), pattern, to see, seem, sight, visage, vision.	h4758
h4742	mek-oots-aw'	מְקֻצְעָה	mᵉqutsʻâh	from {{h7106}} in the denominative sense of bending; an angle; corner.	h4742
h4743	maw-kak'	מָקַק	mâqaq	' a primitive root; to melt; figuratively, to flow, dwindle, vanish; consume away, be corrupt, dissolve, pine away.	h4743
h4740	mak-tso'-ah	מַקְצוֹעַ	maqtsôwaʻ	or מַקְצֹעַ; or (feminine) מַקְצֹעָה; from {{h7106}} in the denominative sense of bending; an angle or recess; corner, turning.	h4740
h4741	mak-tsoo-aw'	מַקְצֻעָה	maqtsuʻâh	from {{h7106}}; a scraper, i.e. a carving chisel; plane.	h4741
h4746	mek-aw-reh'	מְקָרֶה	mᵉqâreh	from {{h7136}}; properly, something meeting, i.e. a frame (of timbers); building.	h4746
h4747	mek-ay-raw'	מְקֵרָה	mᵉqêrâh	from the same as {{h7119}}; a cooling off; × summer.	h4747
h4744	mik-raw'	מִקְרָא	miqrâʼ	from {{h7121}}; something called out, i.e. a public meeting (the act, the persons, or the place); also a rehearsal; assembly, calling, convocation, reading.	h4744
h4745	mik-reh'	מִקְרֶה	miqreh	from {{h7136}}; something met with, i.e. an accident or fortune; something befallen, befalleth, chance, event, hap(-peneth).	h4745
h4748	mik-sheh'	מִקְשֶׁה	miqsheh	from {{h7185}} in the sense of knotting up round and hard; something turned (rounded), i.e. a curl (of tresses); × well (set) hair.	h4748
h4749	mik-shaw'	מִקְשָׁה	miqshâh	feminine of {{h4748}}; rounded work, i.e. moulded by hammering (repoussé); beaten (out of one piece, work), upright, whole piece.	h4749
h4779	maw-rawd'	מָרָד	mârâd	(Aramaic) from the same as {{h4776}}; rebellious; rebellious.	h4779
h4778	meh'-red	מֶרֶד	Mered	the same as {{h4777}}; Mered, an Israelite; Mered.	h4778
h4777	meh'-red	מֶרֶד	mered	from {{h4775}}; rebellion; rebellion.	h4777
h4776	mer-ad'	מְרַד	mᵉrad	(Aramaic) from a root corresponding to {{h4775}}; rebellion; rebellion.	h4776
h4775	maw-rad'	מָרַד	mârad	a primitive root; to rebel; rebel(-lious).	h4775
h4774	mar-gay-aw'	מַרְגֵּעָה	margêʻâh	from {{h7280}}; rest; refreshing.	h4774
h4773	mar-gay-maw'	מַרְגֵּמָה	margêmâh	from {{h7275}}; a stone-heap; sling.	h4773
h4772	mar-ghel-aw'	מַרְגְלָה	margᵉlâh	denominative from {{h7272}}; (plural for collective) a footpiece, i.e. (adverbially) at the foot, or (direct.) the foot itself; feet. Compare {{h4763}}.	h4772
h4771	mar-go'-ah	מַרְגּוֹעַ	margôwaʻ	from {{h7280}}; a resting place; rest.	h4771
h4770	mar-bake'	מַרְבֵּק	marbêq	from an unused root meaning to tie up; a stall (for cattle); × fat(-ted), stall.	h4770
