Key	Pronunciation	Lexeme	Transliteration	Definition	StrongsNumber
h5374	nay-ree-yaw'	נֵרִיָּה	Nêrîyâh	or נֵרִיָּהוּ; from {{h5216}} and {{h3050}}; light of Jah; Nerijah, an Israelite; Neriah.	h5374
h5375	naw-saw'	נָשָׂא	nâsâʼ	or נָסָה; (Psalm 4:6 [7]), a primitive root; to lift, in a great variety of applications, literal and figurative, absolute and relative; accept, advance, arise, (able to, (armor), suffer to) bear(-er, up), bring (forth), burn, carry (away), cast, contain, desire, ease, exact, exalt (self), extol, fetch, forgive, furnish, further, give, go on, help, high, hold up, honorable (  man), lade, lay, lift (self) up, lofty, marry, magnify, × needs, obtain, pardon, raise (up), receive, regard, respect, set (up), spare, stir up,   swear, take (away, up), × utterly, wear, yield.	h5375
h5376	nes-aw'	נְשָׂא	nᵉsâʼ	(Aramaic) corresponding to {{h5375}}; carry away, make insurrection, take.	h5376
h5377	naw-shaw'	נָשָׁא	nâshâʼ	a primitive root; to lead astray, i.e. (mentally) to delude, or (morally) to seduce; beguile, deceive, × greatly, × utterly.	h5377
h5370	nare-gal'	נֵרְגַּל	Nêrᵉgal	of foreign origin; Nergal, a Cuthite deity; Nergal.	h5370
h5371	nare-gal' shar-eh'-tser	נֵרְגַּל שַׁרְאֶצֶר	Nêrᵉgal Sharʼetser	from {{h5370}} and {{h8272}}; Nergal-Sharetser, the name of two Babylonians; Nergal-sharezer.	h5371
h5372	neer-gawn'	נִרְגָּן	nirgân	from an unused root meaning to roll to pieces; a slanderer; talebearer, whisperer.	h5372
h5373	nayrd	נֵרְדְּ	nêrd	of foreign origin; nard, an aromatic; spikenard.	h5373
h5378	naw-shaw'	נָשָׁא	nâshâʼ	a primitive root (perhaps identical with {{h5377}}, through the idea of imposition); to lend on interest; by implication, to dun for debt; × debt, exact, giver of usury.	h5378
h5379	nis-sayth'	נִשֵּׂאת	nissêʼth	passive participle feminine of {{h5375}}; something taken, i.e. a present; gift.	h5379
h5301	naw-fakh'	נָפַח	nâphach	a primitive root; to puff, in various applications (literally, to inflate, blow hard, scatter, kindle, expire; figuratively, to disesteem); blow, breath, give up, cause to lose (life), seething, snuff.	h5301
h5303	nef-eel'	נְפִיל	nᵉphîyl	or נְפִל; from {{h5307}}; properly, a feller, i.e. a bully or tyrant; giant.	h5303
h5302	no'-fakh	נֹפַח	Nôphach	from {{h5301}}; a gust; Nophach, a place in Moab; Nophah.	h5302
h5305	naw-feesh'	נָפִישׁ	Nâphîysh	from {{h5314}}; refreshed; Naphish, a son of Ishmael, and his posterity; Naphish.	h5305
h5304	nef-ee-seem'	נְפִיסִים	Nᵉphîyçîym	plural from an unused root meaning to scatter; expansions; Nephisim, a Temple-servant; Nephusim (from the margin).	h5304
h5307	naw-fal'	נָפַל	nâphal	a primitive root; to fall, in a great variety of applications (intransitive or causative, literal or figurative); be accepted, cast (down, self, (lots), out), cease, die, divide (by lot), (let) fail, (cause to, let, make, ready to) fall (away, down, -en, -ing), fell(-ing), fugitive, have (inheritance), inferior, be judged (by mistake for {{h6419}}), lay (along), (cause to) lie down, light (down), be (× hast) lost, lying, overthrow, overwhelm, perish, present(-ed, -ing), (make to) rot, slay, smite out, × surely, throw down.	h5307
h5306	no'-fek	נֹפֶךְ	nôphek	from an unused root meaning to glisten; shining; a gem, probably the garnet; emerald.	h5306
h5309	neh'-fel	נֶפֶל	nephel	or נֵפֶל; from {{h5307}}; something fallen, i.e. an abortion; untimely birth.	h5309
h5308	nef-al'	נְפַל	nᵉphal	(Aramaic) corresponding to {{h5307}}; fall (down), have occasion.	h5308
h5389	naw-sheen'	נָשִׁין	nâshîyn	(Aramaic) irregular plural feminine of {{h606}}; women.	h5389
h5388	nesh-ee-yaw'	נְשִׁיָּה	nᵉshîyâh	from {{h5382}}; oblivion; forgetfulness.	h5388
h5381	naw-sag'	נָשַׂג	nâsag	a primitive root; to reach (literally or figuratively); ability, be able, attain (unto), (be able to, can) get, lay at, put, reach, remove, wax rich, × surely, (over-) take (hold of, on, upon).	h5381
h5380	naw-shab'	נָשַׁב	nâshab	a primitive root; to blow; by implication, to disperse; (cause to) blow, drive away.	h5380
h5383	naw-shaw'	נָשָׁה	nâshâh	a primitive root (rather identical with {{h5382}}, in the sense of {{h5378}}); to lend or (by reciprocity) borrow on security or interest; creditor, exact, extortioner, lend, usurer, lend on (taker on) usury.	h5383
h5382	naw-shaw'	נָשָׁה	nâshâh	a primitive root; to forget; figuratively, to neglect; causatively, to remit, remove; forget, deprive, exact.	h5382
h5385	nes-oo-aw'	נְשׂוּאָה	nᵉsûwʼâh	or rather, נְשֻׂאָה; feminine. passive participle of {{h5375}}; something borne, i.e. a load; carriage.	h5385
h5384	naw-sheh'	נָשֶׁה	nâsheh	from {{h5382}}, in the sense of failure; rheumatic or crippled (from the incident to Jacob); which shrank.	h5384
h5387	naw-see'	נָשִׂיא	nâsîyʼ	or נָשִׂא; from {{h5375}}; properly, an exalted one, i.e. a king or sheik; also a rising mist; captain, chief, cloud, governor, prince, ruler, vapour.	h5387
h5386	nesh-ee'	נְשִׁי	nᵉshîy	from {{h5383}}; a debt; debt.	h5386
h5312	nef-ak'	נְפַק	nᵉphaq	(Aramaic) a primitive root; to issue; causatively, to bring out; come (go, take) forth (out).	h5312
h5313	nif-kaw'	נִפְקָא	niphqâʼ	(Aramaic) from {{h5312}}; an outgo, i.e. expense; expense.	h5313
h5310	naw-fats'	נָפַץ	nâphats	a primitive root; to dash to pieces, or scatter; be beaten in sunder, break (in pieces), broken, dash (in pieces), cause to be discharged, dispersed, be overspread, scatter.	h5310
h5311	neh'-fets	נֶפֶץ	nephets	from {{h5310}}; a storm (as dispersing); scattering.	h5311
h5316	neh'-feth	נֶפֶת	nepheth	for {{h5299}}; a height; country.	h5316
h5317	no'-feth	נֹפֶת	nôpheth	from {{h5130}} in the sense of shaking to pieces; a dripping i.e. of honey (from the comb); honeycomb.	h5317
h5314	naw-fash'	נָפַשׁ	nâphash	a primitive root; to breathe; passively, to be breathed upon , i.e. (figuratively) refreshed (as if by a current of air); (be) refresh selves (-ed).	h5314
h5315	neh'-fesh	נֶפֶשׁ	nephesh	from {{h5314}}; properly, a breathing creature, i.e. animal of (abstractly) vitality; used very widely in a literal, accommodated or figurative sense (bodily or mental); any, appetite, beast, body, breath, creature, × dead(-ly), desire, × (dis-) contented, × fish, ghost,   greedy, he, heart(-y), (hath, × jeopardy of) life (× in jeopardy), lust, man, me, mind, mortally, one, own, person, pleasure, (her-, him-, my-, thy-) self, them (your) -selves,   slay, soul,   tablet, they, thing, (× she) will, × would have it.	h5315
h5318	nef-to'-akh	נֶפְתּוֹחַ	Nephtôwach	from {{h6605}}; opened, i.e. a spring; Nephtoach, a place in Palestine; Neptoah.	h5318
h5319	naf-tool'	נַפְתּוּל	naphtûwl	from {{h6617}}; properly, wrestled; but used (in the plural) transitively, a struggle; wrestling.	h5319
h5398	naw-shaf'	נָשַׁף	nâshaph	a primitive root; to breeze, i.e. blow up fresh (as the wind); blow.	h5398
h5399	neh'-shef	נֶשֶׁף	nesheph	from {{h5398}}; properly, a breeze, i.e. (by implication) dusk (when the evening breeze prevails); dark, dawning of the day (morning), night, twilight.	h5399
h5392	neh'-shek	נֶשֶׁךְ	neshek	from {{h5391}}; interest on a debt; usury.	h5392
h5393	nish-kaw'	נִשְׁכָּה	nishkâh	for {{h3957}}; a cell; chamber.	h5393
h5390	nesh-ee-kaw'	נְשִׁיקָה	nᵉshîyqâh	from {{h5401}}; a kiss; kiss.	h5390
h5391	naw-shak'	נָשַׁךְ	nâshak	a primitive root; to strike with a sting (as a serpent); figuratively, to oppress with interest on a loan; bite, lend upon usury.	h5391
h5396	nish-maw'	נִשְׁמָא	nishmâʼ	(Aramaic) corresponding to {{h5397}}; vital breath; breath.	h5396
h5397	nesh-aw-maw'	נְשָׁמָה	nᵉshâmâh	from {{h5395}}; a puff, i.e. wind, angry or vital breath, divine inspiration, intellect. or (concretely) an animal; blast, (that) breath(-eth), inspiration, soul, spirit.	h5397
h5394	naw-shal'	נָשַׁל	nâshal	a primitive root; to pluck off, i.e. divest, eject or drop; cast (out), drive, loose, put off (out), slip.	h5394
h5395	naw-sham'	נָשַׁם	nâsham	a primitive root; properly, to blow away, i.e. destroy; destroy.	h5395
h5329	naw-tsakh'	נָצַח	nâtsach	"a primitive root;	also as denominative from {{h5331}}; properly, to glitter from afar, i.e. to be eminent (as a superintendent, especially of the Temple services and its music); to be permanent; excel, chief musician (singer), oversee(-r), set forward."	h5329
h5328	nits-tsaw'	נִצָּה	nitstsâh	feminine of {{h5322}}; a blossom; flower.	h5328
h5327	naw-tsaw'	נָצָה	nâtsâh	a primitive root; properly, to go forth, i.e. (by implication) to be expelled, and (consequently) desolate; causatively, to lay waste; also (specifically), to quarrel; be laid waste, runinous, strive (together).	h5327
h5326	nits-baw'	נִצְבָּה	nitsbâh	(Aramaic) from a root corresponding to {{h5324}}; fixedness, i.e. firmness; strength.	h5326
h5325	nits-twawb'	נִצָּב	nitstsâb	passive participle of {{h5324}}; fixed, i.e. a handle; haft.	h5325
h5324	naw-tsab'	נָצַב	nâtsab	a primitive root; to station, in various applications (literally or figuratively); appointed, deputy, erect, establish, × Huzzah (by mistake for a proper name), lay, officer, pillar, present, rear up, set (over, up), settle, sharpen, establish, (make to) stand(-ing, still, up, upright), best state.	h5324
h5323	naw-tsaw'	נָצָא	nâtsâʼ	a primitive root; to go away; flee.	h5323
h5322	nayts	נֵץ	nêts	from {{h5340}}; a flower (from its brilliancy); also a hawk (from it flashing speed); blossom, hawk.	h5322
h5321	naf-taw-lee'	נַפְתָּלִי	Naphtâlîy	from {{h6617}}; my wrestling; Naphtali, a son of Jacob, with the tribe descended from him, and its territory; Naphtali.	h5321
h5320	naf-too-kheem	נַפְתֻּחִים	Naphtuchîym	plural of foreign origin,; Naphtuchim, an Egyptian tribe; Naptuhim.	h5320
h5400	naw-sak'	נָשַׂק	nâsaq	a primitive root; to catch fire; burn, kindle.	h5400
h5338	nets-al'	נְצַל	nᵉtsal	(Aramaic) corresponding to {{h5337}}; to extricate; deliver, rescue.	h5338
h5339	nits-tsawn'	נִצָּן	nitstsân	from {{h5322}}; a blossom; flower.	h5339
h5330	nets-akh'	נְצַח	nᵉtsach	(Aramaic) corresponding to {{h5329}}; to become chief; be preferred.	h5330
h5331	neh'-tsakh	נֶצַח	netsach	or נֵצַח; from {{h5329}}; properly, a goal, i.e. the bright object at a distance travelled towards; hence (figuratively), splendor, or (subjectively) truthfulness, or (objectively) confidence; but usually (adverbially), continually (i.e. to the most distant point of view); alway(-s), constantly, end, (  n-) ever(more), perpetual, strength, victory.	h5331
h5332	nay'-tsakh	נֵצַח	Nêtsach	probably identical with {{h5331}}, through the idea of brilliancy of color; juice of the grape (as blood red); blood, strength.	h5332
h5333	nets-eeb'	נְצִיב	nᵉtsîyb	or נְצִב; from {{h5324}}; something stationary, i.e. a prefect, a military post, a statue; garrison, officer, pillar.	h5333
h5334	nets-eeb'	נְצִיב	Nᵉtsîyb	the same as {{h5333}}; station; Netsib, a place in Palestine; Nezib.	h5334
h5335	nets-ee'-akh	נְצִיחַ	nᵉtsîyach	from {{h5329}}; conspicuous; Netsiach, a Temple-servant; Neziah.	h5335
h5336	naw-tsere'	נָצִיר	nâtsîyr	from {{h5341}}; properly, conservative; but used passively, delivered; preserved.	h5336
h5337	naw-tsal'	נָצַל	nâtsal	a primitive root; to snatch away, whether in a good or a bad sense; × at all, defend, deliver (self), escape, × without fail, part, pluck, preserve, recover, rescue, rid, save, spoil, strip, × surely, take (out).	h5337
h5349	no-kade'	נֹקֵד	nôqêd	active participle from the same as {{h5348}}; a spotter (of sheep or cattle), i.e. the owner or tender (who thus marks them); herdman, sheepmaster.	h5349
h5348	naw-kode'	נָקֹד	nâqôd	from an unused root meaning to mark (by puncturing or branding); spotted; speckled.	h5348
h5345	neh'keb	נֶקֶב	neqeb	a bezel (for a gem); pipe.	h5345
h5344	naw-kab'	נָקַב	nâqab	a primitive root; to puncture, literally (to perforate, with more or less violence) or figuratively (to specify, designate, libel); appoint, blaspheme, bore, curse, express, with holes, name, pierce, strike through.	h5344
h5347	nek-ay-baw'	נְקֵבָה	nᵉqêbâh	from {{h5344}}; female (from the sexual form); female.	h5347
h5346	neh'-keb	נֶקֶב	Neqeb	the same as {{h5345}}; dell; Nekeb, a place in Palestine; Nekeb.	h5346
h5341	naw-tsar'	נָצַר	nâtsar	a primitive root; to guard, in a good sense (to protect, maintain, obey, etc.) or a bad one (to conceal, etc.); besieged, hidden thing, keep(-er, -ing), monument, observe, preserve(-r), subtil, watcher(-man).	h5341
h5340	naw-tsats'	נָצַץ	nâtsats	a primitive root; to glare, i.e. be bright-colored; sparkle.	h5340
h5343	nek-ay'	נְקֵא	nᵉqêʼ	(Aramaic) from a root corresponding to {{h5352}}; clean; pure.	h5343
h5342	nay'-tser	נֵצֶר	nêtser	from {{h5341}} in the sense of greenness as a striking color; a shoot; figuratively, a descendant; branch.	h5342
h5358	naw-kam'	נָקַם	nâqam	a primitive root; to grudge, i.e. avenge or punish; avenge(-r, self), punish, revenge (self), × surely, take vengeance.	h5358
h5359	naw-kawm'	נָקָם	nâqâm	from {{h5358}}; revenge; avenged, quarrel, vengeance.	h5359
h5356	nik-kaw-yone'	נִקָּיוֹן	niqqâyôwn	or נִקָּיֹן; from {{h5352}}; clearness (literally or figuratively); cleanness, innocency.	h5356
h5357	naw-keek'	נָקִיק	nâqîyq	from an unused root meaning to bore; a cleft; hole.	h5357
h5354	naw-kat'	נָקַט	nâqaṭ	a primitive root; to loathe; weary.	h5354
h5355	naw-kee'	נָקִי	nâqîy	or נָקִיא; (Joel 4:19; Jonah 1:14), from {{h5352}}; innocent; blameless, clean, clear, exempted, free, guiltless, innocent, quit.	h5355
h5352	naw-kaw'	נָקָה	nâqâh	a primitive root; to be (or make) clean (literally or figuratively); by implication (in an adverse sense) to be bare, i.e. extirpated; acquit × at all, × altogether, be blameless, cleanse, (be) clear(-ing), cut off, be desolate, be free, be (hold) guiltless, be (hold) innocent, × by no means, be quit, be (leave) unpunished, × utterly, × wholly.	h5352
h5353	nek-o-daw'	נְקוֹדָא	Nᵉqôwdâʼ	feminine of {{h5348}} (in the figurative sense of marked); distinction; Nekoda, a Temple-servant; Nekoda.	h5353
h5350	nik-kood'	נִקֻּד	niqqud	from the same as {{h5348}}; a crumb (as broken to spots); also a biscuit (as pricked); cracknel, mouldy.	h5350
h5351	ned-ood-daw'	נְקֻדָּה	nᵉquddâh	feminine of {{h5348}}; a boss; stud.	h5351
h5369	nare	נֵר	Nêr	the same as {{h5216}}; lamp; Ner, an Israelite; Ner.	h5369
h5368	nek-ash'	נְקַשׁ	nᵉqash	(Aramaic) corresponding to {{h5367}}; used in the sense of {{h5362}}; to knock; smote.	h5368
h5363	no'-kef	נֹקֶף	nôqeph	from {{h5362}}; a threshing (of olives); shaking.	h5363
h5362	naw-kaf'	נָקַף	nâqaph	a primitive root; to strike with more or less violence (beat, fell, corrode); by implication (of attack) to knock together, i.e. surround or circulate; compass (about, -ing), cut down, destroy, go round (about), inclose, round.	h5362
h5361	naw-kah'	נָקַע	nâqaʻ	a primitive root; to feel aversion; be alienated.	h5361
h5360	nek-aw-maw'	נְקָמָה	nᵉqâmâh	feminine of {{h5359}}; avengement, whether the act or the passion; avenge, revenge(-ing), vengeance.	h5360
h5367	naw-kash'	נָקַשׁ	nâqash	a primitive root; to entrap (with a noose), literally or figuratively; catch (lay a) snare.	h5367
h5366	nek-aw-raw'	נְקָרָה	nᵉqârâh	from {{h5365}}; a fissure; cleft, clift.	h5366
h5365	naw-kar'	נָקַר	nâqar	a primitive root; to bore (penetrate, quarry); dig, pick out, pierce, put (thrust) out.	h5365
h5364	nik-paw'	נִקְפָּה	niqpâh	from {{h5362}}; probably a rope (as encircling); rent.	h5364
