Key	Pronunciation	Lexeme	Transliteration	Definition	StrongsNumber
h5679	ab-aw-raw'	עֲבָרָה	ʻăbârâh	from {{h5674}}; a crossing-place; ferry, plain (from the margin).	h5679
h5678	eb-raw'	עֶבְרָה	ʻebrâh	feminine of {{h5676}}; an outburst of passion; anger, rage, wrath.	h5678
h5671	ab-teet'	עַבְטִיט	ʻabṭîyṭ	from {{h5670}}; something pledged, i.e. (collectively) pawned goods; thick clay (by a false etym.).	h5671
h5670	aw-bat'	עָבַט	ʻâbaṭ	a primitive root; to pawn; causatively, to lend (on security); figuratively, to entangle; borrow, break (ranks), fetch (a pledge), lend, × surely.	h5670
h5673	ab-ee-daw'	עֲבִידָה	ʻăbîydâh	(Aramaic) from {{h5648}}; labor or business; affairs, service, work.	h5673
h5672	ab-ee'	עֲבִי	ʻăbîy	or עֳבִי]; from {{h5666}}; density, i.e. depth or width; thick(-ness). Compare {{h5645}}.	h5672
h5675	ab-ar'	עֲבַר	ʻăbar	(Aramaic) corresponding to {{h5676}}; beyond, this side.	h5675
h5674	aw-bar'	עָבַר	ʻâbar	a primitive root; to cross over; used very widely of any transition (literal or figurative; transitive, intransitive, intensive, causative); specifically, to cover (in copulation); alienate, alter, × at all, beyond, bring (over, through), carry over, (over-) come (on, over), conduct (over), convey over, current, deliver, do away, enter, escape, fail, gender, get over, (make) go (away, beyond, by, forth, his way, in, on, over, through), have away (more), lay, meddle, overrun, make partition, (cause to, give, make to, over) pass(-age, along, away, beyond, by, -enger, on, out, over, through), (cause to, make)   proclaim(-amation), perish, provoke to anger, put away, rage,   raiser of taxes, remove, send over, set apart,   shave, cause to (make) sound, × speedily, × sweet smelling, take (away), (make to) transgress(-or), translate, turn away, (way-) faring man, be wrath.	h5674
h5677	ay'-ber	עֵבֵר	ʻÊbêr	the same as {{h5676}}; Eber, the name of two patriarchs and four Israelites; Eber, Heber.	h5677
h5676	ay'-ber	עֵבֶר	ʻêber	from {{h5674}}; properly, a region across; but used only adverbially (with or without a preposition) on the opposite side (especially of the Jordan; ususally meaning the east); × against, beyond, by, × from, over, passage, quarter, (other, this) side, straight.	h5676
h5668	aw-boor'	עָבוּר	ʻâbûwr	or עָבֻר; passive participle of {{h5674}}; properly, crossed, i.e. (abstractly) transit; used only adverbially, on account of, in order that; because of, for (...'s sake), (intent) that, to.	h5668
h5669	aw-boor'	עָבוּר	ʻâbûwr	the same as {{h5668}}; passed, i.e. kept over; used only of stored grain; old corn.	h5669
h5700	eg-lawn'	עֶגְלוֹן	ʻEglôwn	from {{h5695}}; vituline; Eglon, the name of a place in Palestine and of a Moabitish king; Eglon.	h5700
h5662	o-bad-yaw'	עֹבַדְיָה	ʻÔbadyâh	or עֹבַדְיָהוּ; active participle of {{h5647}} and {{h3050}}; serving Jah; Obadjah, the name of thirteen Israelites; Obadiah.	h5662
h5663	eh'-bed meh'-lek	עֶבֶד מֶלֶךְ	ʻEbed Melek	from {{h5650}} and {{h4428}}; servant of a king; Ebed-Melek, a eunuch of Zedekeah; Ebed-melech.	h5663
h5660	ab-dee'	עַבְדִּי	ʻAbdîy	from {{h5647}}; serviceable; Abdi, the name of two Israelites; Abdi.	h5660
h5661	ab-dee-ale'	עַבְדִיאֵל	ʻAbdîyʼêl	from {{h5650}} and {{h410}}; servant of God; Abdiel, an Israelite; Abdiel. Compare {{h5655}}.	h5661
h5666	aw-baw'	עָבָה	ʻâbâh	a primitive root; to be dense; be (grow) thick(-er).	h5666
h5667	ab-ote'	עֲבוֹט	ʻăbôwṭ	or עֲבֹט; from {{h5670}}; a pawn; pledge.	h5667
h5664	ab-ade' neg-o'	עֲבֵד נְגוֹ	ʻĂbêd Nᵉgôw	the same as {{h5665}}; Abed-Nego, the Babylonian name of one of Daniel's companions; Abed-nego.	h5664
h5665	ab-ade' neg-o'	עֲבֵד נְגוֹא	ʻĂbêd Nᵉgôwʼ	(Aramaic) of foreign origin; Abed-Nego, the name of Azariah; Abed-nego.	h5665
h5657	ab-ood-daw'	עֲבֻדָּה	ʻăbuddâh	passive participle of {{h5647}}; something wrought, i.e. (concretely) service; household, store of servants.	h5657
h5656	ab-o-daw'	עֲבֹדָה	ʻăbôdâh	or עֲבוֹדָה; from {{h5647}}; work of any kind; act, bondage,   bondservant, effect, labour, ministering(-try), office, service(-ile, -itude), tillage, use, work, × wrought.	h5656
h5655	ab-deh-ale'	עַבְדְּאֵל	ʻAbdᵉʼêl	from {{h5647}} and {{h410}}; serving God; Abdeel, an Israelite; Abdeel. Compare {{h5661}}.	h5655
h5654	o-bade' ed-ome'	עֹבֵד אֱדוֹם	ʻÔbêd ʼĔdôwm	from the active participle of {{h5647}} and {{h123}}; worker of Edom; Obed-Edom, the name of five Israelites; Obed-edom.	h5654
h5653	ab-daw'	עַבְדָּא	ʻAbdâʼ	from {{h5647}}; work; Abda, the name of two Israelites; Abda	h5653
h5652	ab-awd'	עֲבָד	ʻăbâd	from {{h5647}}; a deed; work.	h5652
h5651	eh'-bed	עֶבֶד	ʻEbed	the same as {{h5650}}; Ebed, the name of two Israelites; Ebed.	h5651
h5650	eh'-bed	עֶבֶד	ʻebed	from {{h5647}}; a servant; × bondage, bondman, (bond-) servant, (man-) servant.	h5650
h5659	ab-dooth'	עַבְדוּת	ʻabdûwth	from {{h5647}}; servitude; bondage.	h5659
h5658	ab-dohn'	עַבְדוֹן	ʻAbdôwn	from {{h5647}}; servitude; Abdon, the name of a place in Palestine and of four Israelites; Abdon. Compare {{h5683}}.	h5658
h5640	saw-tham'	סָתַם	çâtham	or שָׂתַם; (Numbers 24:15), a primitive root; to stop up; by implication, to repair; figuratively, to keep secret; closed up, hidden, secret, shut out (up), stop.	h5640
h5641	saw-thar'	סָתַר	çâthar	a primitive root; to hide (by covering), literally or figuratively; be absent, keep close, conceal, hide (self), (keep) secret, × surely.	h5641
h5642	seth-ar'	סְתַר	çᵉthar	(Aramaic) corresponding to {{h5641}}; to conceal; figuratively, to demolish; destroy, secret thing.	h5642
h5643	say'-ther	סֵתֶר	çêther	or (feminine) סִתְרָה; (Deuteronomy 32:38), from {{h5641}}; a cover (in a good or a bad, a literal or a figurative sense); backbiting, covering, covert, × disguise(-th), hiding place, privily, protection, secret(-ly, place).	h5643
h5644	sith-ree'	סִתְרִי	Çithrîy	from {{h5643}}; protective; Sithri, an Israelite,; Zithri.	h5644
h5645	awb	עָב	ʻâb	(masculine and feminine); from {{h5743}}; properly, an envelope, i.e. darkness (or density, 2 Chronicles 4:17); specifically, a (scud) cloud; also a copse; clay, (thick) cloud, × thick, thicket. Compare {{h5672}}.	h5645
h5646	awb	עָב	ʻâb	or עֹב; from an unused root meaning to cover; properly, equivalent to {{h5645}}; but used only as an architectural term,; an architrave (as shading the pillars); thick (beam, plant).	h5646
h5647	aw-bad'	עָבַד	ʻâbad	a primitive root; to work (in any sense); by implication, to serve, till, (causatively) enslave, etc.; × be, keep in bondage, be bondmen, bond-service, compel, do, dress, ear, execute,   husbandman, keep, labour(-ing man, bring to pass, (cause to, make to) serve(-ing, self), (be, become) servant(-s), do (use) service, till(-er), transgress (from margin), (set a) work, be wrought, worshipper,	h5647
h5648	ab-bad'	עֲבַד	ʻăbad	(Aramaic) corresponding to {{h5647}}; to do, make, prepare, keep, etc.; × cut, do, execute, go on, make, move, work.	h5648
h5649	ab-bad'	עֲבַד	ʻăbad	(Aramaic) from {{h5648}}; a servant; servant.	h5649
h5635	saw-raf'	סָרַף	çâraph	a primitive root; to cremate, i.e. to be (near) of kin (such being privileged to kindle the pyre); burn.	h5635
h5634	sar-ap-paw'	סַרְעַפָּה	çarʻappâh	for {{h5589}}; a twig; bough.	h5634
h5637	saw-rar'	סָרַר	çârar	a primitive root; to turn away, i.e. (morally) be refractory; × away, backsliding, rebellious, revolter(-ing), slide back, stubborn, withdrew.	h5637
h5636	sar-pawd'	סַרְפָּד	çarpâd	from {{h5635}}; a nettle (as stinging like a burn); brier.	h5636
h5631	saw-reece'	סָרִיס	çârîyç	or סָרִס; from an unused root meaning to castrate; a eunuch; by implication, valet (especially of the female apartments), and thus, a minister of state; chamberlain, eunuch, officer. Compare {{h7249}}.	h5631
h5630	sir-yone'	סִרְיֹן	çiryôn	for {{h8302}}; a coat of mail; brigandine.	h5630
h5633	seh'-ren	סֶרֶן	çeren	from an unused root of uncertain meaning; an axle; figuratively, a peer; lord, plate.	h5633
h5632	saw-rake'	סָרֵךְ	çârêk	(Aramaic) of foreign origin; an emir; president.	h5632
h5639	seth-oor'	סְתוּר	Çᵉthûwr	from {{h5641}}; hidden; Sethur, an Israelite; Sethur.	h5639
h5638	seth-awv'	סְתָו	çᵉthâv	from an unused root meaning to hide; winter (as the dark season); winter.	h5638
h5626	see-raw'	סִרָה	Çirâh	from {{h5493}}; departure; Sirah, a cistern so-called; Sirah. See also {{h5518}}.	h5626
h5627	saw-raw'	סָרָה	çârâh	from {{h5493}}; apostasy, crime; figuratively, remission; × continual, rebellion, revolt(-ed), turn away, wrong.	h5627
h5624	seh'-red	סֶרֶד	Çered	from a primitive root meaning to tremble; trembling; Sered, an Israelite; Sered.	h5624
h5625	sar-dee'	סַרְדִּי	Çardîy	patron from {{h5624}}; a Seredite (collectively) or descendants of Sered; Sardites.	h5625
h5622	sar-bal'	סַרְבַּל	çarbal	(Aramaic) of uncertain derivation; a cloak; coat.	h5622
h5623	sar-gone'	סַרְגּוֹן	Çargôwn	of foreign derivation; Sargon, an Assyrian king; Sargon.	h5623
h5620	sar	סַר	çar	contracted from {{h5637}}; peevish; heavy, sad.	h5620
h5621	saw-rawb'	סָרָב	çârâb	from an unused root meaning to sting; a thistle; brier.	h5621
h5628	saw-rakh'	סָרַח	çârach	a primitive root; to extend (even to excess); exceeding, hand, spread, stretch self, banish.	h5628
h5629	seh'-rakh	סֶרַח	çerach	from {{h5628}}; a redundancy; remnant.	h5629
h5699	ag-aw-law'	עֲגָלָה	ʻăgâlâh	from the same as {{h5696}}; something revolving, i.e. a wheeled vehicle; cart, chariot, wagon	h5699
h5698	eg-law'	עֶגְלָה	ʻEglâh	the same as {{h5697}}; Eglah, a wife of David; Eglah.	h5698
h5693	aw-goor'	עָגוּר	ʻâgûwr	passive part (but with active sense) of an unused root meaning to twitter; probably the swallow; swallow.	h5693
h5692	oog-gaw'	עֻגָּה	ʻuggâh	from {{h5746}}; an ashcake (as round); cake (upon the hearth).	h5692
h5691	ag-aw-baw'	עֲגָבָה	ʻăgâbâh	from {{h5689}}; love (abstractly), i.e. amorousness; inordinate love.	h5691
h5690	eh'-gheb	עֶגֶב	ʻegeb	from {{h5689}}; love (concretely), i.e. amative words; much love, very lovely.	h5690
h5697	eg-law'	עֶגְלָה	ʻeglâh	feminine of {{h5695}}; a (female) calf, especially one nearly grown (i.e. a heifer); calf, cow, heifer.	h5697
h5696	aw-gole'	עָגֹל	ʻâgôl	or עָגוֹל; from an unused root meaning to revolve,; circular; round.	h5696
h5695	ay-ghel	עֵגֶל	ʻêgel	from the same as {{h5696}}; a (male) calf (as frisking round), especially one nearly grown (i.e. a steer); bullock, calf.	h5695
h5694	aw-gheel'	עָגִיל	ʻâgîyl	from the same as {{h5696}}; something round, i.e. a ring (for the ears); earring.	h5694
h5613	saw-fare'	סָפֵר	çâphêr	(Aramaic) from the same as {{h5609}}; a scribe (secular or sacred); scribe.	h5613
h5612	say'-fer	סֵפֶר	çêpher	or (feminine) סִפְרָה; (Psalm 56:8 ({{h9}})), from {{h5608}}; properly, writing (the art or a document); by implication, a book; bill, book, evidence, × learn(-ed) (-ing), letter, register, scroll.	h5612
h5611	sef-awr'	סְפָר	Çᵉphâr	the same as {{h5610}}; Sephar, a place in Arabia; Sephar.	h5611
h5610	sef-awr'	סְפָר	çᵉphâr	from {{h5608}}; a census; numbering.	h5610
h5617	sef-ar-vah'-yim	סְפַרְוַיִם	Çᵉpharvayim	(dual); or סְפָרִים; of foreign derivation; Sepharvajim or Sepharim; Sepharvaim.	h5617
h5616	sef-ar-vee'	סְפַרְוִי	Çᵉpharvîy	patrial from {{h5617}}; a Sepharvite or inhabitant of Sepharvain; Sepharvite.	h5616
h5615	sef-o-raw'	סְפֹרָה	çᵉphôrâh	from {{h5608}}; a numeration; number.	h5615
h5614	sef-aw-rawd'	סְפָרָד	Çᵉphârâd	of foreign derivation; Sepharad, a region of Assyria; Sepharad.	h5614
h5619	saw-kal'	סָקַל	çâqal	a primitive root; properly, to be weighty; but used only in the sense of lapidation or its contrary (as if a delapidation); (cast, gather out, throw) stone(-s), × surely.	h5619
h5618	so-feh'-reth	סֹפֶרֶת	Çôphereth	feminine active participle of {{h5608}}; a scribe (properly, female); Sophereth, a temple servant; Sophereth.	h5618
h5684	eb-raw-naw'	עֶבְרֹנָה	ʻEbrônâh	feminine of {{h5683}}; Ebronah, place in the Desert; Ebronah.	h5684
h5685	aw-bash'	עָבַשׁ	ʻâbash	a primitive root; to dry up; be rotten.	h5685
h5686	aw-bath'	עָבַת	ʻâbath	a primitive root; to interlace, i.e. (figuratively) to pervert; wrap up.	h5686
h5687	aw-both'	עָבֹת	ʻâbôth	or עָבוֹת; from {{h5686}}; intwined, i.e. dense; thick.	h5687
h5680	ib-ree'	עִבְרִי	ʻIbrîy	patronymic from {{h5677}}; an Eberite (i.e. Hebrew) or descendant of Eber; Hebrew(-ess, woman).	h5680
h5681	ib-ree'	עִבְרִי	ʻIbrîy	the same as {{h5680}}; Ibri, an Israelite; Ibri.	h5681
h5682	ab-aw-reem'	עֲבָרִים	ʻĂbârîym	plural of {{h5676}}; regions beyond; Abarim, a place in Palestine; Abarim, passages.	h5682
h5683	eb-rone'	עֶבְרֹן	ʻEbrôn	from {{h5676}}; transitional; Ebron, a place in Palestine; Hebron. Perhaps a clerical error for {{h5658}}.	h5683
h5688	ab-oth'	עֲבֹת	ʻăbôth	or עֲבוֹת; or (feminine) עֲבֹתָה; the same as {{h5687}}; something intwined, i.e. a string, wreath or foliage; band, cord, rope, thick bough (branch), wreathen (chain).	h5688
h5689	aw-gab'	עֲגַב	ʻăgab	a primitive root; to breathe after, i.e. to love (sensually); dote, lover.	h5689
h5608	saw-far'	סָפַר	çâphar	a primitive root; properly, to score with a mark as a tally or record, i.e. (by implication) to inscribe, and also to enumerate; intensively, to recount, i.e. celebrate; commune, (ac-) count; declare, number,   penknife, reckon, scribe, shew forth, speak, talk, tell (out), writer.	h5608
h5609	sef-ar'	סְפַר	çᵉphar	(Aramaic) from a root corresponding to {{h5608}}; a book; book, roll.	h5609
h5604	sip-poon'	סִפֻּן	çippun	from {{h5603}}; a wainscot; ceiling.	h5604
h5605	saw-faf'	סָפַף	çâphaph	a primitive root; properly, to snatch away, i.e. terminate; but used only as denominative from {{h5592}} (in the sense of a vestibule),; to wait at the threshold; be a doorkeeper.	h5605
h5606	saw-fak'	סָפַק	çâphaq	or שָׂפַק; (1 Kings 20:10; Job 27:23; Isaiah 2:6), a primitive root; to clap the hands (in token of compact, derision, grief, indignation, or punishment); by implication of satisfaction, to be enough; by implication of excess, to vomit; clap, smite, strike, suffice, wallow.	h5606
h5607	say'-fek	סֵפֶק	çêpheq	or שֶׂפֶק; (Job 20:22; Job 36:18), from {{h5606}}; chastisement; also satiety; stroke, sufficiency.	h5607
h5601	sap-peer'	סַפִּיר	çappîyr	from {{h5608}}; a gem (perhaps used for scratching other substances), probably the sapphire; sapphire.	h5601
h5602	say'-fel	סֵפֶל	çêphel	from an unused root meaning to depress; a basin (as deepened out); bowl, dish.	h5602
h5603	saw-fan'	סָפַן	çâphan	a primitive root; to hide by covering; specifically, to roof (passive participle as noun, a roof) or wainscot; figuratively, to reserve; cieled, cover, seated.	h5603
