Key	Pronunciation	Lexeme	Transliteration	Definition	StrongsNumber
h6588	peh'-shah	פֶּשַׁע	peshaʻ	from {{h6586}}; a revolt (national, moral or religious); rebellion, sin, transgression, trespass.	h6588
h6589	paw-sak'	פָּשַׂק	pâsaq	a primitive root; to dispart (the feet or lips), i.e. become licentious; open (wide).	h6589
h6582	paw-shakh'	פָּשַׁח	pâshach	a primitive root; to tear in pieces; pull in pieces.	h6582
h6583	pash-khoor'	פַּשְׁחוּר	Pashchûwr	probably from {{h6582}}; liberation; Pashchur, the name of four Israelites; Pashur.	h6583
h6580	pash	פַּשׁ	pash	probably from an unused root meaning to disintegrate; stupidity (as a result of grossness or of degeneracy); extremity.	h6580
h6581	paw-saw'	פָּשָׂה	pâsâh	a primitive root; to spread; spread.	h6581
h6586	paw-shah'	פָּשַׁע	pâshaʻ	a primitive root (identical with through the idea of expansion); to break away (from just authority), i.e. trespass, apostatize, quarrel; offend, rebel, revolt, transgress(-ion, -or).	h6586
h6587	peh'-sah	פֶּשַׂע	pesaʻ	from {{h6585}}; a stride; step.	h6587
h6584	paw-shat'	פָּשַׁט	pâshaṭ	a primitive root; to spread out (i.e. deploy in hostile array); by analogy, to strip (i.e. unclothe, plunder, flay, etc.); fall upon, flay, invade, make an invasion, pull off, put off, make a road, run upon, rush, set, spoil, spread selves (abroad), strip (off, self).	h6584
h6585	paw-sah'	פָּשַׂע	pâsaʻ	a primitive root; to stride (from spreading the legs), i.e. rush upon; go.	h6585
h6511	paw-raw'	פָּרָה	Pârâh	the same as {{h6510}}; Parah, a place in Palestine; Parah.	h6511
h6510	paw-raw'	פָּרָה	pârâh	feminine of {{h6499}}; a heifer; cow, heifer, kine.	h6510
h6513	poo-raw'	פֻּרָה	Purâh	for {{h6288}}; foliage; Purah, an Israelite; Phurah.	h6513
h6512	pay-raw'	פֵּרָה	pêrâh	from {{h6331}}; a hole (as broken, i.e. dug); + mole. Compare {{h2661}}.	h6512
h6515	paw-roo'-akh	פָּרוּחַ	Pârûwach	passive participle of {{h6524}}; blossomed; Paruach, an Israelite; Paruah.	h6515
h6514	per-oo-daw'	פְּרוּדָא	Pᵉrûwdâʼ	or פְּרִידָא; from {{h6504}}; dispersion; Peruda or Perida, one of 'Solomon's servants'; Perida, Peruda.	h6514
h6517	paw-roor'	פָּרוּר	pârûwr	passive participle of {{h6565}} in the sense of spreading out (compare {{h6524}}); a skillet (as flat or deep); pan, pot.	h6517
h6516	par-vah'-yim	פַּרְוַיִם	Parvayim	of foreign origin; Parvajim, an Oriental region; Parvaim.	h6516
h6519	per-aw-zaw'	פְּרָזָה	pᵉrâzâh	from the same as {{h6518}}; an open country; (unwalled) town (without walls), unwalled village.	h6519
h6518	paw-rawz'	פָּרָז	pârâz	from an unused root meaning to separate, i.e. decide; a chieftain; village.	h6518
h6502	pir-awm'	פִּרְאָם	Pirʼâm	from {{h6501}}; wildly; Piram, a Canaanite; Piram.	h6502
h6503	par-bawr'	פַּרְבָּר	Parbâr	or פַּרְוָר; of foreign origin; Parbar or Parvar, a quarter of Jerusalem; Parbar, suburb.	h6503
h6501	peh'-reh	פֶּרֶא	pereʼ	or פֶּרֶה; (Jeremiah 2:24), from {{h6500}} in the secondary sense of running wild; the onager; wild (ass).	h6501
h6506	pir-daw'	פִּרְדָּה	pirdâh	feminine of {{h6505}}; a she-mule; mule.	h6506
h6507	per-oo-daw'	פְּרֻדָה	pᵉrudâh	feminine passive participle of {{h6504}}; something separated, i.e. a kernel; seed.	h6507
h6504	paw-rad'	פָּרַד	pârad	a primitive root; to break through, i.e. spread or separate (oneself); disperse, divide, be out of joint, part, scatter (abroad), separate (self), sever self, stretch, sunder.	h6504
h6505	peh'-red	פֶּרֶד	pered	from {{h6504}}; a mule (perhaps from his lonely habits); mule.	h6505
h6508	par-dace'	פַּרְדֵּס	pardêç	of foreign origin; a park; forest, orchard.	h6508
h6509	paw-raw'	פָּרָה	pârâh	a primitive root; to bear fruit (literally or figuratively); bear, bring forth (fruit), (be, cause to be, make) fruitful, grow, increase.	h6509
h6539	paw-ras'	פָּרַס	Pâraç	of foreign origin; Paras (i.e. Persia), an Eastern country, including its inhabitants; Persia, Persians.	h6539
h6538	peh'-res	פֶּרֶס	pereç	from {{h6536}}; a claw; also a kind of eagle; claw, ossifrage.	h6538
h6537	per-as'	פְּרַס	pᵉraç	(Aramaic) corresponding to {{h6536}}; to split up; divide, (U-) pharsin.	h6537
h6536	paw-ras'	פָּרַס	pâraç	a primitive root; to break in pieces, i.e. (usually without violence) to split, distribute; deal, divide, have hoofs, part, tear.	h6536
h6535	par-nak'	פַּרְנַךְ	Parnak	of uncertain derivation; Parnak, an Israelite; Parnach.	h6535
h6534	par-mash-taw'	פַּרְמַשְׁתָּא	Parmashtâʼ	of Persian origin; Parmashta, a son of Haman; Parmasta.	h6534
h6533	paw-ram'	פָּרַם	pâram	a primitive root; to tear; rend.	h6533
h6532	po-reh'-keth	פֹּרֶכֶת	pôreketh	feminine active participle of the same as {{h6531}}; a separatrix, i.e. (the sacred) screen; vail.	h6532
h6531	peh'-rek	פֶּרֶךְ	perek	from an unused root meaning to break apart; fracture, i.e. severity; cruelty, rigour.	h6531
h6530	per-eets'	פְּרִיץ	pᵉrîyts	from {{h6555}}; violent, i.e. a tyrant; destroyer, ravenous, robber.	h6530
h6559	per-aw-tseem'	פְּרָצִים	pᵉrâtsîym	plural of {{h6556}}; breaks; Peratsim, a mountain in Palestine; Perazim.	h6559
h6558	par-tsee'	פַּרְצִי	Partsîy	patronymically from {{h6557}}; a Partsite (collectively) or descendants of Perets; Pharzites.	h6558
h6555	paw-rats'	פָּרַץ	pârats	a primitive root; to break out (in many applications, direct and indirect, literal and figurative); × abroad, (make a) breach, break (away, down, -er, forth, in, up), burst out, come (spread) abroad, compel, disperse, grow, increase, open, press, scatter, urge.	h6555
h6554	par-par'	פַּרְפַּר	Parpar	probably from {{h6565}} in the sense of rushing; rapid; Parpar, a river of Syria; Pharpar.	h6554
h6557	peh'-rets	פֶּרֶץ	Perets	the same as {{h6556}}; Perets, the name of two Israelites; Perez, Pharez.	h6557
h6556	peh'-rets	פֶּרֶץ	perets	from {{h6555}}; a break (literally or figuratively); breach, breaking forth (in), × forth, gap.	h6556
h6551	par-oshe'	פַּרְעֹשׁ	Parʻôsh	the same as {{h6550}}; Parosh, the name of our Israelite; Parosh, Pharosh.	h6551
h6550	par-oshe'	פַּרְעֹשׁ	parʻôsh	probably from {{h6544}} and {{h6211}}; a flea (as the isolated insect); flea.	h6550
h6553	pir-aw-tho-nee'	פִּרְעָתוֹנִי	Pirʻâthôwnîy	or פִּרְעָתֹנִי; patrial from {{h6552}}; a Pirathonite or inhabitant of Pirathon; Pirathonite.	h6553
h6552	pir-aw-thone'	פִּרְעָתוֹן	Pirʻâthôwn	from {{h6546}}; chieftaincy; Pirathon, a place in Palestine; Pirathon.	h6552
h6528	peh'-ret	פֶּרֶט	pereṭ	from {{h6527}}; a stray or single berry; grape.	h6528
h6529	per-ee'	פְּרִי	pᵉrîy	from {{h6509}}; fruit (literally or figuratively); bough, (first-)fruit(-ful), reward.	h6529
h6520	per-aw-zone'	פְּרָזוֹן	pᵉrâzôwn	from the same as {{h6518}}; magistracy, i.e. leadership (also concretely, chieftains); village.	h6520
h6521	per-aw-zee'	פְּרָזִי	pᵉrâzîy	or פְּרוֹזִי; from {{h6519}}; a rustic; village.	h6521
h6522	per-iz-zee'	פְּרִזִּי	Pᵉrizzîy	for {{h6521}}; inhabitant of the open country; a Perizzite, one of the Canaanitish tribes; Perizzite.	h6522
h6523	par-zel'	פַּרְזֶל	parzel	(Aramaic) corresponding to {{h1270}}; iron; iron.	h6523
h6524	paw-rakh'	פָּרַח	pârach	a primitive root; to break forth as a bud, i.e. bloom; generally, to spread; specifically, to fly (as extending the wings); figuratively, to flourish; × abroad, × abundantly, blossom, break forth (out), bud, flourish, make fly, grow, spread, spring (up).	h6524
h6525	peh'-rakh	פֶּרַח	perach	from {{h6524}}; a calyx (natural or artificial); generally, bloom; blossom, bud, flower.	h6525
h6526	pir-khakh'	פִּרְחַח	pirchach	from {{h6524}}; progeny, i.e. a brood; youth.	h6526
h6527	paw-rat'	פָּרַט	pâraṭ	a primitive root; to scatter words, i.e. prate (or hum); chant.	h6527
h6548	par-o' khof-rah'	פַּרְעֹה חׇפְרַע	Parʻôh Chophraʻ	of Egyptian derivation; Paroh-Chophra, an Egyptian king; Pharaoh-hophra.	h6548
h6549	par-o' nek-o'	פַּרְעֹה נְכֹה	Parʻôh Nᵉkôh	or פַּרְעֹה נְכוֹ; of Egyptian derivation; Paroh-Nekoh (or -Neko), an Egyptian king; Pharaoh-necho, Pharaohnechoh.	h6549
h6546	par-aw'	פַּרְעָה	parʻâh	feminine of {{h6545}} (in the sense of beginning); leadership (plural concretely, leaders); avenging, revenge.	h6546
h6547	par-o'	פַּרְעֹה	Parʻôh	of Egyptian derivation; Paroh, a general title of Egyptian kings; Pharaoh.	h6547
h6544	paw-rah'	פָּרַע	pâraʻ	a primitive root; to loosen; by implication, to expose, dismiss; figuratively, absolve, begin; avenge, avoid, bare, go back, let, (make) naked, set at nought, perish, refuse, uncover.	h6544
h6545	peh'-rah	פֶּרַע	peraʻ	from {{h6544}}; the hair (as dishevelled); locks.	h6545
h6542	par-see'	פַּרְסִי	Parçîy	patrial from {{h6539}}; a Parsite (i.e. Persian), or inhabitant of Peres; Persian.	h6542
h6543	par-see'	פַּרְסִי	Parçîy	(Aramaic) corresponding to {{h6542}}; Persian.	h6543
h6540	paw-ras'	פָּרַס	Pâraç	(Aramaic) corresponding to {{h6539}}; Persia, Persians.	h6540
h6541	par-saw'	פַּרְסָה	parçâh	feminine of {{h6538}}; a claw or split hoof; claw, (cloven-) footed, hoof.	h6541
h6579	par-tam'	פַּרְתַּם	partam	of Persian origin; a grandee; (most) noble, prince.	h6579
h6578	per-awth'	פְּרָת	Pᵉrâth	from an unused root meaning to break forth; rushing; Perath (i.e. Euphrates), a river of the East; Euphrates.	h6578
h6573	par-sheh'-ghen	פַּרְשֶׁגֶן	parshegen	(Aramaic) corresponding to {{h6572}}; copy.	h6573
h6572	par-sheh'-ghen	פַּרְשֶׁגֶן	parshegen	or פַּתְשֶׁגֶן; of foreign origin; a transcript; copy.	h6572
h6571	paw-rawsh'	פָּרָשׁ	pârâsh	from {{h6567}}; (compare {{h5483}}); a steed (as stretched out to a vehicle, not single nor for mounting ); also (by implication) a driver (in a chariot), i.e. (collectively) cavalry; horseman.	h6571
h6570	peh'-resh	פֶּרֶשׁ	Peresh	the same as {{h6569}}; Peresh, an Israelite; Peresh.	h6570
h6577	par-shan-daw-thaw'	פַּרְשַׁנְדָּתָא	Parshandâthâʼ	of Persian origin; Parshandatha, a son of Haman; Parshandatha.	h6577
h6576	par-shaze'	פַּרְשֵׁז	parshêz	a root apparently formed by compounding {{h6567}} and that of {{h6518}} (compare {{h6574}}); to expand; spread.	h6576
h6575	paw-raw-shaw'	פָּרָשָׁה	pârâshâh	from {{h6567}}; exposition; declaration, sum.	h6575
h6574	par-shed-one'	פַּרְשְׁדֹן	parshᵉdôn	perhaps by compounding {{h6567}} and {{h6504}} (in the sense of straddling) (compare {{h6576}}); the crotch (or anus); dirt.	h6574
h6600	pith-gawm'	פִּתְגָּם	pithgâm	(Aramaic) corresponding to {{h6599}}; a word, answer, letter or decree; answer, letter, matter, word.	h6600
h6599	pith-gawm'	פִּתְגָּם	pithgâm	of Persian origin; a (judicial) sentence; decree, sentence.	h6599
h6598	pathbag'	פַּתְבַּג	pathbag	of Persian origin; a dainty; portion (provision) of meat.	h6598
h6591	pesh-ar'	פְּשַׁר	pᵉshar	(Aramaic) from {{h6590}}; an interpretation; interpretation.	h6591
h6590	pesh-ar'	פְּשַׁר	pᵉshar	(Aramaic) corresponding to {{h6622}}; to interpret; make (interpretations), interpreting.	h6590
h6593	pish-teh'	פִּשְׁתֶּה	pishteh	from the same as {{h6580}} as in the sense of comminuting; linen (i.e. the thread, as carded); flax, linen.	h6593
h6592	pay'-sher	פֵּשֶׁר	pêsher	corresponding to {{h6591}}; interpretation.	h6592
h6595	path	פַּת	path	from {{h6626}}; a bit; meat, morsel, piece.	h6595
h6594	pish-taw'	פִּשְׁתָּה	pishtâh	feminine of {{h6593}}; flax; by implication, a wick; flax, tow.	h6594
h6597	pith-ome'	פִּתְאוֹם	pithʼôwm	or פִּתְאֹם; from {{h6621}}; instantly; straightway, sudden(-ly).	h6597
h6596	pohth	פֹּת	pôth	or פֹּתָה; (Ezekiel 13:19), from an unused root meaning to open; a hole, i.e. hinge or the female pudenda; hinge, secret participle	h6596
h6564	paw-rawk'	פָּרָק	pârâq	from {{h6561}}; soup (as full of crumbed meat); broth. See also {{h4832}}.	h6564
h6565	paw-rar'	פָּרַר	pârar	a primitive root; to break up (usually figuratively), i.e. to violate, frustrate; × any ways, break (asunder), cast off, cause to cease, × clean, defeat, disannul, disappoint, dissolve, divide, make of none effect, fail, frustrate, bring (come) to nought, × utterly, make void.	h6565
h6566	paw-ras'	פָּרַשׂ	pâras	a primitive root; to break apart, disperse, etc.; break, chop in pieces, lay open, scatter, spread (abroad, forth, selves, out), stretch (forth, out).	h6566
h6567	paw-rash'	פָּרָשׁ	pârâsh	a primitive root; to separate, literally (to disperse) or figuratively (to specify); also (by implication) to wound; scatter, declare, distinctly, shew, sting.	h6567
h6560	peh'-rets ooz-zaw'	פֶּרֶץ עֻזָּא	Perets ʻUzzâʼ	from {{h6556}} and {{h5798}}; break of Uzza; Perets-Uzza, a place in Palestine; Perezuzza.	h6560
h6561	paw-rak'	פָּרַק	pâraq	a primitive root; to break off or crunch; figuratively, to deliver; break (off), deliver, redeem, rend (in pieces), tear in pieces.	h6561
h6562	per-ak'	פְּרַק	pᵉraq	(Aramaic) corresponding to {{h6561}}; to discontinue; break off.	h6562
h6563	peh'-rek	פֶּרֶק	pereq	from {{h6561}}; rapine; also a fork (in roads); crossway, robbery.	h6563
h6568	per-ash'	פְּרַשׁ	pᵉrash	(Aramaic) corresponding to {{h6567}}; to specify; distinctly.	h6568
h6569	peh'-resh	פֶּרֶשׁ	peresh	from {{h6567}}; excrement (as eliminated); dung.	h6569
