Key	Pronunciation	Lexeme	Transliteration	Definition	StrongsNumber
h7053	kil-lesh-one'	קִלְּשׁוֹן	qillᵉshôwn	from an unused root meaning to prick; a prong, i.e. hay-fork; fork.	h7053
h7052	kel-o-kale'	קְלֹקֵל	qᵉlôqêl	from {{h7043}}; insubstantial; light.	h7052
h7051	kal-law'	קַלָּע	qallâʻ	intensive from {{h7049}}; a slinger; slinger.	h7051
h7050	keh'-lah	קֶלַע	qelaʻ	from {{h7049}}; a sling; also a (door) screen (as if slung across), or the valve (of the door) itself; hanging, leaf, sling.	h7050
h7057	kim-moshe'	קִמּוֹשׁ	qimmôwsh	or קִימוֹשׁ; from an unused root meaning to sting; a prickly plant; nettle. Compare {{h7063}}.	h7057
h7056	kaw-mone'	קָמוֹן	Qâmôwn	from {{h6965}}; an elevation; Kamon, a place East of the Jordan; Camon.	h7056
h7055	kem-oo-ale'	קְמוּאֵל	Qᵉmûwʼêl	from {{h6965}} and {{h410}}; raised of God; Kemuel, the name of a relative of Abraham, and of two Israelites; Kemuel.	h7055
h7054	kuw-maw'	קָמָה	qâmâh	feminine of active participle of {{h6965}}; something that rises, i.e. a stalk of grain; (standing) corn, grown up, stalk.	h7054
h7059	kaw-mat'	קָמַט	qâmaṭ	a primitive root; to pluck, i.e. destroy; cut down, fill with wrinkles.	h7059
h7058	keh'-makh	קֶמַח	qemach	from an unused root probably meaning to grind; flour; flour, meal.	h7058
h7048	kal-law-saw'	קַלָּסָה	qallâçâh	intensive from {{h7046}}; ridicule; mocking.	h7048
h7049	kaw-lah'	קָלַע	qâlaʻ	a primitive root; to sling; also to carve (as if a circular motion, or into light forms); carve, sling (out).	h7049
h7044	kaw-lawl'	קָלָל	qâlâl	from {{h7043}}; brightened (as if sharpened); burnished, polished.	h7044
h7045	kel-aw-law'	קְלָלָה	qᵉlâlâh	from {{h7043}}; vilification; (ac-) curse(-d, -ing).	h7045
h7046	kaw-las'	קָלַס	qâlaç	a primitive root; to disparage, i.e. ridicule; mock, scoff, scorn.	h7046
h7047	keh'-les	קֶלֶס	qeleç	from {{h7046}}; a laughing-stock; derision.	h7047
h7040	kal-lah'-ee	קַלַּי	Qallay	from {{h7043}}; frivolous; Kallai, an Israelite; Kallai.	h7040
h7041	kay-law-yaw'	קֵלָיָה	Qêlâyâh	from {{h7034}}; insignificance; Kelajah, an Israelite; Kelaiah.	h7041
h7042	kel-ee-taw'	קְלִיטָא	Qᵉlîyṭâʼ	from {{h7038}}; maiming; Kelita, the name of three Israelites; Kelita.	h7042
h7043	kaw-lal'	קָלַל	qâlal	a primitive root; to be (causatively, make) light, literally (swift, small, sharp, etc.) or figuratively (easy, trifling, vile, etc.); abate, make bright, bring into contempt, (ac-) curse, despise, (be) ease(-y, -ier), (be a, make, make somewhat, move, seem a, set) light(-en, -er, -ly, -ly afflict, -ly esteem, thing), × slight(-ly), be swift(-er), (be, be more, make, re-) vile, whet.	h7043
h7039	kaw-lee'	קָלִי	qâlîy	or קָלִיא; from {{h7033}}; roasted ears of grain; parched corn.	h7039
h7038	kaw-lat'	קָלַט	qâlaṭ	a primitive root; to maim; lacking in his parts.	h7038
h7031	kal	קַל	qal	contracted from {{h7043}}; light; (by implication) rapid (also adverbial); light, swift(-ly).	h7031
h7030	kee-thaw-roce'	קִיתָרֹס	qîythârôç	(Aramaic) of Greek origin; a lyre; harp.	h7030
h7033	kaw-law'	קָלָה	qâlâh	a primitive root (rather identical with {{h7034}} through the idea of shrinkage by heat); to toast, i.e. scorch partially or slowly; dried, loathsome, parch, roast.	h7033
h7032	kawl	קָל	qâl	(Aramaic) corresponding to {{h6963}}; sound, voice.	h7032
h7035	kaw-lah'	קָלַהּ	qâlahh	for {{h6950}}; to assemble; gather together.	h7035
h7034	kaw-law'	קָלָה	qâlâh	a primitive root; to be light (as implied in rapid motion), but figuratively, only (be [causatively, hold] in contempt); base, contemn, despise, lightly esteem, set light, seem vile.	h7034
h7037	kal-lakh'-ath	קַלַּחַת	qallachath	apparently but a form for {{h6747}}; a kettle; caldron.	h7037
h7036	kaw-lone'	קָלוֹן	qâlôwn	from {{h7034}}; disgrace; (by implication) the pudenda; confusion, dishonour, ignominy, reproach, shame.	h7036
h7028	kee-shone'	קִישׁוֹן	Qîyshôwn	from {{h6983}}; winding; Kishon, a river of Palestine; Kishon, Kison.	h7028
h7029	kee-shee'	קִישִׁי	Qîyshîy	from {{h6983}}; bowed; Kishi, an Israelite; Kishi.	h7029
h7022	kee-kaw-lone'	קִיקָלוֹן	qîyqâlôwn	from {{h7036}}; intense disgrace; shameful spewing.	h7022
h7023	keer	קִיר	qîyr	or קִר; (Isaiah 22:5), or (feminine) קִירָה; from {{h6979}}; a wall (as built in a trench); mason, side, town, × very, wall.	h7023
h7020	kee-tsone'	קִיצוֹן	qîytsôwn	from {{h6972}}; terminal; out-(utter-) most.	h7020
h7021	kee-kaw-yone'	קִיקָיוֹן	qîyqâyôwn	perhaps from {{h7006}}; the gourd (as nauseous); gourd.	h7021
h7026	kay-roce'	קֵירֹס	Qêyrôç	or קֵרֹס; from the same as {{h7166}}; ankled; Keros, one of the Nethinim; Keros.	h7026
h7027	keesh	קִישׁ	Qîysh	from {{h6983}}; a bow; Kish, the name of five Israelites; Kish.	h7027
h7024	keer	קִיר	Qîyr	the same as {{h7023}}; fortress; Kir, a place in Assyrian; also one in Moab; Kir. Compare {{h7025}}.	h7024
h7025	keer kheh'-res	קִיר חֶרֶשׂ	Qîyr Cheres	or (feminine of the latter word) קִיר חֲרֶשֶׂת; from {{h7023}} and {{h2789}}; fortress of earthenware; Kir-Cheres or Kir-Chareseth, a place in Moab; Kir-haraseth, Kir-hareseth, Kirharesh, Kir-heres.	h7025
h7017	kay-nee'	קֵינִי	Qêynîy	or קִינִי; (1 Chronicles 2:55), patronymic from {{h7014}}; a Kenite or member of the tribe of Kajin; Kenite.	h7017
h7016	kee-naw'	קִינָה	Qîynâh	the same as {{h7015}}; Kinah, a place in Palestine; Kinah.	h7016
h7015	kee-naw'	קִינָה	qîynâh	from {{h6969}}; a dirge (as accompanied by beating the breasts or on instruments); lamentation.	h7015
h7014	kah'-yin	קַיִן	Qayin	the same as {{h7013}} (with a play upon the affinity to {{h7069}}); Kajin, the name of the first child, also of a place in Palestine, and of an Oriental tribe; Cain, Kenite(-s).	h7014
h7013	kah'-yin	קַיִן	qayin	from {{h6969}} in the original sense of fixity; a lance (as striking fast); spear.	h7013
h7012	kee-maw'	קִימָה	qîymâh	from {{h6965}}; an arising; rising up.	h7012
h7011	kah-yawm'	קַיָּם	qayâm	(Aramaic) from {{h6966}}; permanent (as rising firmly); stedfast, sure.	h7011
h7010	keh-yawm'	קְיָם	qᵉyâm	(Aramaic) from {{h6966}}; an edict (as arising in law); decree, statute.	h7010
h7019	kah'-yits	קַיִץ	qayits	from {{h6972}}; harvest (as the crop), whether the product (grain or fruit) or the (dry) season; summer (fruit, house).	h7019
h7018	kay-nawn'	קֵינָן	Qêynân	from the same as {{h7064}}; fixed; Kenan, an antediluvian; Cainan, Kenan.	h7018
h7001	ket-ar'	קְטַר	qᵉṭar	(Aramaic) from a root corresponding to {{h7000}}; a knot (as tied up), i.e. (figuratively) a riddle; also a vertebra (as if a knot); doubt, joint.	h7001
h7002	kit-tare'	קִטֵּר	qiṭṭêr	from {{h6999}}; perfume; incense.	h7002
h7003	kit-rone'	קִטְרוֹן	Qiṭrôwn	from {{h6999}}; fumigative; Kitron, a place in Palestine; Kitron.	h7003
h7004	ket-o'-reth	קְטֹרֶת	qᵉṭôreth	from {{h6999}}; a fumigation; (sweet) incense, perfume.	h7004
h7005	kat-tawth'	קַטָּת	Qaṭṭâth	from {{h6996}}; littleness; Kattath, a place in Palestine; Kattath.	h7005
h7006	kaw-yaw'	קָיָה	qâyâh	a primitive root; to vomit; spue.	h7006
h7007	kah'-yit	קַיִט	qayiṭ	(Aramaic) corresponding to {{h7019}}; harvest; summer.	h7007
h7008	kee-tore'	קִיטוֹר	qîyṭôwr	or קִיטֹר; from {{h6999}}; a fume, i.e. cloud; smoke, vapour.	h7008
h7009	keem	קִים	qîym	from {{h6965}}; an opponent (as rising against one), i.e. (collectively) enemies; substance.	h7009
h7099	keh'-tsev	קֶצֶו	qetsev	and (feminine) קִצְוָה; from {{h7096}}; (used like {{h7097}}, but with less variety); a limit; end, edge, uttermost participle	h7099
h7098	kaw-tsaw'	קָצָה	qâtsâh	feminine of {{h7097}}; (used like {{h7097}}); a termination; coast, corner, (selv-) edge, lowest, (uttermost) participle	h7098
h7097	kaw-tseh'	קָצֶה	qâtseh	or (negative only) קֵצֶה; from {{h7096}}; (used in a great variety of applications and idioms; compare {{h7093}}); an extremity; × after, border, brim, brink, edge, end, (in-) finite, frontier, outmost coast, quarter, shore, (out-) side, × some, ut(-ter-) most (part).	h7097
h7096	kaw-tsaw'	קָצָה	qâtsâh	a primitive root; to cut off; (figuratively) to destroy; (partially) to scrape off; cut off, cut short, scrape (off).	h7096
h7095	keh'-tseb	קֶצֶב	qetseb	from {{h7094}}; shape (as if cut out); base (as if there cut off); bottom, size.	h7095
h7094	kaw-tsab'	קָצַב	qâtsab	a primitive root; to clip, or (generally) chop; cut down, shorn.	h7094
h7093	kates	קֵץ	qêts	contracted from {{h7112}}; an extremity; adverbially (with prepositional prefix) after; after, (utmost) border, end, (in-) finite, × process.	h7093
h7092	kaw-fats'	קָפַץ	qâphats	a primitive root; to draw together, i.e. close; by implication, to leap (by contracting the limbs); specifically, to die (from gathering up the feet); shut (up), skip, stop, take out of the way.	h7092
h7091	kip-poze'	קִפּוֹז	qippôwz	from an unused root meaning to contract, i.e.; spring forward; an arrow-snake (as darting on its prey); great owl.	h7091
h7090	kip-pode'	קִפּוֹד	qippôwd	or קִפֹּדlemma קִכֹּד kaf, corrected to קִפֹּד; from {{h7088}}; a species of bird, perhaps the bittern (from its contracted form); bittern.	h7090
h7075	kin-yawn'	קִנְיָן	qinyân	from {{h7069}}; creation, i.e. (concretely) creatures; also acquisition, purchase, wealth; getting, goods, × with money, riches, substance.	h7075
h7074	ken-iz-zee'	קְנִזִּי	Qᵉnizzîy	patronymic from {{h7073}},; a Kenizzite or descendant of Kenaz; Kenezite, Kenizzites.	h7074
h7077	kaw-nan'	קָנַן	qânan	a primitive root; to erect; but used only as denominative from {{h7064}}; to nestle, i.e. build or occupy as a nest; make...nest.	h7077
h7076	kin-naw-mone'	קִנָּמוֹן	qinnâmôwn	from an unused root (meaning to erect); cinnamon bark (as in upright rolls); cinnamon.	h7076
h7071	kaw-naw'	קָנָה	Qânâh	feminine of {{h7070}}; reediness; Kanah, the name of a stream and of a place in Palestine; Kanah.	h7071
h7070	kaw-neh'	קָנֶה	qâneh	from {{h7069}}; a reed (as erect); by resemblance a rod (especially for measuring), shaft, tube, stem, the radius (of the arm), beam (of a steelyard); balance, bone, branch, calamus, cane, reed, × spearman, stalk.	h7070
h7073	ken-az'	קְנַז	Qᵉnaz	probably from an unused root meaning to hunt; hunter; Kenaz, the name of an Edomite and of two Israelites; Kenaz.	h7073
h7072	kan-no'	קַנּוֹא	qannôwʼ	for {{h7067}}; jealous or angry; jealous.	h7072
h7079	ken-awth'	קְנָת	Qᵉnâth	from {{h7069}}; possession; Kenath, a place East of the Jordan; Kenath.	h7079
h7078	keh'-nets	קֶנֶץ	qenets	from an unused root probably meaning to wrench; perversion; end.	h7078
h7088	kaw-fad'	קָפַד	qâphad	a primitive root; to contract, i.e. roll together; cut off.	h7088
h7089	kef-aw-daw'	קְפָדָה	qᵉphâdâh	from {{h7088}}; shrinking, i.e., terror; destruction.	h7089
h7080	kaw-sam'	קָסַם	qâçam	a primitive root; properly, to distribute, i.e. determine by lot or magical scroll; by implication, to divine; divine(-r, -ation), prudent, soothsayer, use (divination).	h7080
h7081	keh'-sem	קֶסֶם	qeçem	from {{h7080}}; a lot; also divination (including its fee), oracle; (reward of) divination, divine sentence, witchcraft.	h7081
h7082	kaw-sas'	קָסַס	qâçaç	a primitive root; to lop off; cut off.	h7082
h7083	keh'-seth	קֶסֶת	qeçeth	from the same as {{h3563}} (or as {{h7185}}); properly, a cup, i.e. an ink-stand; inkhorn.	h7083
h7084	keh-ee-law'	קְעִילָה	Qᵉʻîylâh	perhaps from {{h7049}} in the sense of enclosing; citadel; Keilah, a place in Palestine; Keilah.	h7084
h7085	kah-ak-ah'	קַעֲקַע	qaʻăqaʻ	from the same as {{h6970}}; an incision or gash; mark.	h7085
h7086	keh-aw-raw'	קְעָרָה	qᵉʻârâh	probably from {{h7167}}; a bowl (as cut out hollow); charger, dish.	h7086
h7087	kaw-faw'	קָפָא	qâphâʼ	a primitive root; to shrink, i.e. thicken (as unracked wine, curdled milk, clouded sky, frozen water); congeal, curdle, dark, settle.	h7087
h7066	ken-aw'	קְנָא	qᵉnâʼ	(Aramaic) corresponding to {{h7069}}; to purchase; buy.	h7066
h7067	kan-naw'	קַנָּא	qannâʼ	from {{h7065}}; jealous; jealous. Compare {{h7072}}.	h7067
h7064	kane	קֵן	qên	contracted from {{h7077}}; a nest (as fixed), sometimes including the nestlings; figuratively, a chamber or dwelling; nest, room.	h7064
h7065	kaw-naw'	קָנָא	qânâʼ	a primitive root; to be (causatively, make) zealous, i.e. (in a bad sense) jealous or envious; (be) envy(-ious), be (move to, provoke to) jealous(-y), × very, (be) zeal(-ous).	h7065
h7062	ko'mets	קֹמֶץ	qômets	from {{h7061}}; a grasp, i.e. handful; handful.	h7062
h7063	kim-maw-shone'	קִמָּשׁוֹן	qimmâshôwn	from the same as {{h7057}}; a prickly plant; thorn.	h7063
h7060	kaw-mal'	קָמַל	qâmal	a primitive root; to wither; hew down, wither.	h7060
h7061	kaw-mats'	קָמַץ	qâmats	a primitive root; to grasp with the hand; take an handful.	h7061
h7100	keh'-tsakh	קֶצַח	qetsach	from an unused root apparently meaning to incise; fennel-flower (from its pungency); fitches.	h7100
h7068	kin-aw'	קִנְאָה	qinʼâh	from {{h7065}}; jealousy or envy; envy(-ied), jealousy, × sake, zeal.	h7068
h7069	kaw-naw'	קָנָה	qânâh	a primitive root; to erect, i.e. create; by extension, to procure, especially by purchase (causatively, sell); by implication to own; attain, buy(-er), teach to keep cattle, get, provoke to jealousy, possess(-or), purchase, recover, redeem, × surely, × verily.	h7069
