Key	Pronunciation	Lexeme	Transliteration	Definition	StrongsNumber
h7699	shad	שַׁד	shad	or שֹׁד; probably from {{h7736}} (in its original sense) contracted; the breast of a woman or animal (as bulging); breast, pap, teat.	h7699
h7698	sheh'-ger	שֶׁגֶר	sheger	from an unused root probably meaning to eject; the fœtus (as finally expelled); that cometh of, increase.	h7698
h7695	shay-gawl'	שֵׁגָל	shêgâl	(Aramaic) corresponding to {{h7694}}; a (legitimate) queen; wife.	h7695
h7694	shay-gawl'	שֵׁגָל	shêgâl	from {{h7693}}; a queen (from cohabitation); queen.	h7694
h7697	shig-gaw-yone'	שִׁגָּעוֹן	shiggâʻôwn	from {{h7696}}; craziness; furiously, madness.	h7697
h7696	shaw-gah'	שָׁגַע	shâgaʻ	a primitive root; to rave through insanity; (be, play the) mad (man).	h7696
h7691	sheg-ee-aw'	שְׁגִיאָה	shᵉgîyʼâh	from {{h7686}}; a moral mistake; error.	h7691
h7690	sag-ghee'	שַׂגִּיא	saggîyʼ	(Aramaic) corresponding to {{h7689}}; large (in size, quantity or number, also adverbial); exceeding, great(-ly); many, much, sore, very.	h7690
h7693	shaw-gal'	שָׁגַל	shâgal	a primitive root; to copulate with; lie with, ravish.	h7693
h7692	shig-gaw-yone'	שִׁגָּיוֹן	shiggâyôwn	or שִׁגָּיֹנָה; from {{h7686}}; properly, aberration, i.e. (technically) a dithyramb or rambling poem; Shiggaion, Shigionoth.	h7692
h7615	sheb-aw-ee'	שְׁבָאִי	Shᵉbâʼîy	patronymic from {{h7614}}; a Shebaite or descendant of Sheba; Sabean.	h7615
h7614	sheb-aw'	שְׁבָא	Shᵉbâʼ	of foreign origin; Sheba, the name of three early progenitors of tribes and of an Ethiopian district; Sheba, Sabeans.	h7614
h7617	shaw-baw'	שָׁבָה	shâbâh	a primitive root; to transport into captivity; (bring away, carry, carry away, lead, lead away, take) captive(-s), drive (take) away.	h7617
h7616	shaw-bawb'	שָׁבָב	shâbâb	from an unused root meaning to break up; a fragment, i.e. ruin; broken in pieces.	h7616
h7611	sheh-ay-reeth'	שְׁאֵרִית	shᵉʼêrîyth	from {{h7604}}; a remainder or residual (surviving, final) portion; that had escaped, be left, posterity, remain(-der), remnant, residue, rest.	h7611
h7610	sheh-awr'yaw-shoob'	שְׁאָר יָשׁוּב	Shᵉʼâr Yâshûwb	from {{h7605}} and {{h7725}}; a remnant will return; Shear-Jashub, the symbolic name of one of Isaiah's sons; Shear-jashub.	h7610
h7613	seh-ayth'	שְׂאֵת	sᵉʼêth	from {{h5375}}; an elevation or leprous scab; figuratively, elation or cheerfulness; exaltation in rank or character; be accepted, dignity, excellency, highness, raise up self, rising.	h7613
h7612	shayth	שֵׁאת	shêʼth	from {{h7582}}; devastation; desolation.	h7612
h7619	sheb-oo-ale'	שְׁבוּאֵל	Shᵉbûwʼêl	or שׁוּבָאֵל; from {{h7617}} (abbreviated form) or {{h7725}} and {{h410}}; captive (or returned) of God; Shebuel or Shubael, the name of two Israelites; Shebuel, Shubael.	h7619
h7618	sheb-oo'	שְׁבוּ	shᵉbûw	from an unused root (probably identical with that of {{h7617}} through the idea of subdivision into flashes or streamers (compare {{h7632}}) meaning to flame; a gem (from its sparkle), probably the agate; agate.	h7618
h7688	shaw-gakh'	שָׁגַח	shâgach	a primitive root; to peep, i.e. glance sharply at; look (narrowly).	h7688
h7689	sag-ghee'	שַׂגִּיא	saggîyʼ	from {{h7679}}; (superlatively) mighty; excellent, great.	h7689
h7686	shaw-gaw'	שָׁגָה	shâgâh	a primitive root; to stray (causatively, mislead), usually (figuratively) to mistake, especially (morally) to transgress; by extension (through the idea of intoxication) to reel, (figuratively) be enraptured; (cause to) go astray, deceive, err, be ravished, sin through ignorance, (let, make to) wander.	h7686
h7687	seg-oob'	שְׂגוּב	Sᵉgûwb	from {{h7682}}; aloft; Segub, the name of two Israelites; Segub.	h7687
h7684	sheg-aw-gaw'	שְׁגָגָה	shᵉgâgâh	from {{h7683}}; a mistake or inadvertent transgression; error, ignorance, at unawares; unwittingly.	h7684
h7685	saw-gaw'	שָׂגָה	sâgâh	a primitive root; to enlarge (especially upward, also figuratively); grow (up), increase.	h7685
h7682	saw-gab'	שָׂגַב	sâgab	a primitive root; to be (causatively, make) lofty, especially inaccessible; by implication, safe, strong; used literally and figuratively; defend, exalt, be excellent, (be, set on) high, lofty, be safe, set up (on high), be too strong.	h7682
h7683	shaw-gag'	שָׁגַג	shâgag	a primitive root; to stray, i.e. (figuratively) sin (with more or less apology); × also for that, deceived, err, go astray, sin ignorantly.	h7683
h7680	seg-aw'	שְׂגָא	sᵉgâʼ	(Aramaic) corresponding to {{h7679}}; to increase; grow, be multiplied.	h7680
h7681	shaw-gay'	שָׁגֶא	Shâgeʼ	probably from {{h7686}}; erring; Shage, an Israelite; Shage.	h7681
h7606	sheh-awr'	שְׁאָר	shᵉʼâr	(Aramaic) corresponding to {{h7605}}; × whatsoever more, residue, rest.	h7606
h7607	sheh-ayr'	שְׁאֵר	shᵉʼêr	from {{h7604}}; flesh (as swelling out), as living or for food; generally food of any kind; figuratively, kindred by blood; body, flesh, food, (near) kin(-sman, -swoman), near (nigh) (of kin).	h7607
h7604	shaw-ar'	שָׁאַר	shâʼar	a primitive root; properly, to swell up, i.e. be (causatively, make) redundant; leave, (be) left, let, remain, remnant, reserve, the rest.	h7604
h7605	sheh-awr'	שְׁאָר	shᵉʼâr	from {{h7604}}; a remainder; × other, remnant, residue, rest.	h7605
h7602	shaw-af'	שָׁאַף	shâʼaph	a primitive root; to inhale eagerly; figuratively, to cover; by implication, to be angry; also to hasten; desire (earnestly), devour, haste, pant, snuff up, swallow up.	h7602
h7603	seh-ore'	שְׂאֹר	sᵉʼôr	from {{h7604}}; barm or yeast-cake (as swelling by fermentation); leaven.	h7603
h7601	shaw-as'	שָׁאַס	shâʼaç	a primitive root; to plunder; spoil.	h7601
h7608	shah-ar-aw'	שַׁאֲרָה	shaʼărâh	feminine of {{h7607}}; female kindred by blood; near kinswomen.	h7608
h7609	sheh-er-aw'	שֶׁאֱרָה	Sheʼĕrâh	the same as {{h7608}}; Sheerah, an Israelitess; Sherah.	h7609
h7633	shib-yaw'	שִׁבְיָה	shibyâh	feminine of {{h7628}}; exile (abstractly or concretely and collectively); captives(-ity).	h7633
h7632	shaw-beeb'	שָׁבִיב	shâbîyb	from the same as {{h7616}}; flame (as split into tongues); spark.	h7632
h7631	seb-eeb'	שְׂבִיב	sᵉbîyb	(Aramaic) corresponding to {{h7632}}; flame.	h7631
h7630	sho-bah'-ee	שֹׁבַי	Shôbay	for {{h7629}}; Shobai, an Israelite; Shobai.	h7630
h7637	sheb-ee-ee'	שְׁבִיעִי	shᵉbîyʻîy	or שְׁבִעִי; ordinal from {{h7657}}; seventh; seventh (time).	h7637
h7636	shaw-beece'	שָׁבִיס	shâbîyç	from an unused root meaning to interweave; a netting for the hair; caul.	h7636
h7635	shaw-beel'	שָׁבִיל	shâbîyl	from the same as {{h7640}}; a track or passage-way (as if flowing along); path.	h7635
h7634	shob-yaw'	שׇׁבְיָה	Shobyâh	feminine of the same as {{h7629}}; captivation; Shobjah, an Israelite; Shachia (from the margin).	h7634
h7639	seb-aw-kaw'	שְׂבָכָה	sᵉbâkâh	feminine of {{h7638}}; a net-work, i.e. (in hunting) a snare, (in architecture) a ballustrade; also a reticulated ornament to a pillar; checker, lattice, network, snare, wreath(-enwork).	h7639
h7638	saw-bawk'	שָׂבָךְ	sâbâk	from an unused root meaning to intwine; a netting (ornament to the capital of a column); net.	h7638
h7628	sheb-ee'	שְׁבִי	shᵉbîy	from {{h7618}}; exiled; captured; as noun, exile (abstractly or concretely and collectively); by extension, booty; captive(-ity), prisoners, × take away, that was taken.	h7628
h7629	sho-bee'	שֹׁבִי	Shôbîy	from {{h7617}}; captor; Shobi, an Ammonite; Shobi.	h7629
h7624	sheb-akh'	שְׁבַח	shᵉbach	(Aramaic) corresponding to {{h7623}}; to adulate, i.e. adore; praise.	h7624
h7625	sheb-at'	שְׁבַט	shᵉbaṭ	(Aramaic) corresponding to {{h7626}}; a clan; tribe.	h7625
h7626	shay'-bet	שֵׁבֶט	shêbeṭ	from an unused root probably meaning to branch off; a scion, i.e. (literally) a stick (for punishing, writing, fighting, ruling, walking, etc.) or (figuratively) a clan; × correction, dart, rod, sceptre, staff, tribe.	h7626
h7627	sheb-awt'	שְׁבָט	Shᵉbâṭ	of foreign origin; Shebat, a Jewish month; Sebat.	h7627
h7620	shaw-boo'-ah	שָׁבוּעַ	shâbûwaʻ	or שָׁבֻעַ; also (feminine) שְׁבֻעָה; properly, passive participle of {{h7650}} as a denominative of {{h7651}}; literally, sevened, i.e. a week (specifically, of years); seven, week.	h7620
h7621	sheb-oo-aw'	שְׁבוּעָה	shᵉbûwʻâh	feminine passive participle of {{h7650}}; properly, something sworn, i.e. an oath; curse, oath, × sworn.	h7621
h7622	sheb-ooth'	שְׁבוּת	shᵉbûwth	or שְׁבִית; from {{h7617}}; exile, concretely, prisoners; figuratively, a former state of prosperity; captive(-ity).	h7622
h7623	shaw-bakh'	שָׁבַח	shâbach	a primitive root; properly, to address in a loud tone, i.e. (specifically) loud; figuratively, to pacify (as if by words); commend, glory, keep in, praise, still, triumph.	h7623
h7700	shade	שֵׁד	shêd	from {{h7736}}; a dæmon (as malignant); devil.	h7700
h7659	shib-aw-thah'-yim	שִׁבְעָתַיִם	shibʻâthayim	dual (adverbially) of {{h7651}}; seven-times; seven(-fold, times).	h7659
h7658	shib-aw-naw'	שִׁבְעָנָה	shibʻânâh	prolonged for the masculine of {{h7651}}; seven; seven.	h7658
h7651	sheh'-bah	שֶׁבַע	shebaʻ	or (masculine) (שִׁבְעָה); from {{h7650}}; a primitive cardinal number; seven (as the sacred full one); also (adverbially) seven times; by implication, a week; by extension, an indefinite number; (  by) seven(-fold),-s, (-teen, -teenth), -th, times). Compare {{h7658}}.	h7651
h7650	shaw-bah'	שָׁבַע	shâbaʻ	a primitive root; properly to be complete, but used only as a denominative from {{h7651}}; to seven oneself, i.e. swear (as if by repeating a declaration seven times); adjure, charge (by an oath, with an oath), feed to the full (by mistake for {{h7646}}), take an oath, × straitly, (cause to, make to) swear.	h7650
h7653	sib-aw'	שִׂבְעָה	sibʻâh	feminine of {{h7647}}; satiety; fulness.	h7653
h7652	sheh'-bah	שֶׁבַע	shebaʻ	the same as {{h7651}}; seven; Sheba, the name of a place in Palestine, and of two Israelites; Sheba.	h7652
h7655	shib-aw'	שִׁבְעָה	shibʻâh	(Aramaic) corresponding to {{h7651}}; seven (times).	h7655
h7654	sob-aw'	שׇׂבְעָה	sobʻâh	feminine of {{h7648}}; satiety; (to have) enough, × till...be full, (un-) satiable, satisfy, × sufficiently.	h7654
h7657	shib-eem'	שִׁבְעִים	shibʻîym	multiple of {{h7651}}; seventy; seventy, threescore and ten (  -teen).	h7657
h7656	shib-aw'	שִׁבְעָה	Shibʻâh	masculine of {{h7651}}; seven(-th); Shebah, a well in Palestine; Shebah.	h7656
h7648	so'-bah	שֹׂבַע	sôbaʻ	from {{h7646}}; satisfaction (of food or [figuratively] joy); fill, full(-ness), satisfying, be satisfied.	h7648
h7649	saw-bay'-ah	שָׂבֵעַ	sâbêaʻ	from {{h7646}}; satiated (in a pleasant or disagreeable sense); full (of), satisfied (with).	h7649
h7642	shab-lool'	שַׁבְלוּל	shablûwl	from the same as {{h7640}}; a snail (as if floating in its own slime); snail.	h7642
h7643	seb-awm'	שְׂבָם	Sᵉbâm	or (feminine) שִׂבְמָה; probably from {{h1313}}; spice; Sebam or Sibmah, a place in Moab; Shebam, Shibmah, Sibmah.	h7643
h7640	show'-bel	שֹׁבֶל	shôbel	from an unused root meaning to flow; a lady's train (as trailing after her); leg.	h7640
h7641	shib-bole	שִׁבֹּל	shibbôl	or (feminine) שִׁבֹּלֶת; from the same as {{h7640}}; a stream (as flowing); also an ear of grain (as growing out); by analogy, a branch; branch, channel, ear (of corn), (water-)flood, Shibboleth. Compare {{h5451}}.	h7641
h7646	saw-bah'	שָׂבַע	sâbaʻ	or שָׂבֵעַ; a primitive root; to sate, i.e. fill to satisfaction (literally or figuratively); have enough, fill (full, self, with), be (to the) full (of), have plenty of, be satiate, satisfy (with), suffice, be weary of.	h7646
h7647	saw-baw'	שָׂבָע	sâbâʻ	from {{h7646}}; copiousness; abundance, plenteous(-ness, -ly).	h7647
h7644	sheb-naw'	שֶׁבְנָא	Shebnâʼ	or שֶׁבְנָה; from an unused root meaning to grow; growth; Shebna or Shebnah, an Israelite; Shebna, Shebnah.	h7644
h7645	sheb-an-yaw'	שְׁבַנְיָה	Shᵉbanyâh	or שְׁבַנְיָהוּ; from the same as {{h7644}} and {{h3050}}; Jah has grown (i.e. prospered); Shebanjah, the name of three or four Israelites; Shebaniah.	h7645
h7677	shab-baw-thone'	שַׁבָּתוֹן	shabbâthôwn	from {{h7676}}; a sabbatism or special holiday; rest, sabbath.	h7677
h7676	shab-bawth'	שַׁבָּת	shabbâth	intensive from {{h7673}}; intermission, i.e (specifically) the Sabbath; (  every) sabbath.	h7676
h7675	sheh'-beth	שֶׁבֶת	shebeth	infinitive of {{h3427}}; properly, session; but used also concretely, an abode or locality; place, seat. Compare {{h3429}}.	h7675
h7674	sheh'-beth	שֶׁבֶת	shebeth	from {{h7673}}; rest, interruption, cessation; cease, sit still, loss of time.	h7674
h7673	shaw-bath'	שָׁבַת	shâbath	a primitive root; to repose, i.e. desist from exertion; used in many implied relations (causative, figurative or specific); (cause to, let, make to) cease, celebrate, cause (make) to fail, keep (sabbath), suffer to be lacking, leave, put away (down), (make to) rest, rid, still, take away.	h7673
h7672	sheb-ash'	שְׁבַשׁ	shᵉbash	(Aramaic) corresponding to {{h7660}}; to entangle, i.e. perplex; be astonished.	h7672
h7671	sheb-aw-reem'	שְׁבָרִים	Shᵉbârîym	plural of {{h7667}}; ruins; Shebarim, a place in Palestine; Shebarim.	h7671
h7670	shib-rone'	שִׁבְרוֹן	shibrôwn	from {{h7665}}; rupture, i.e. a pang; figuratively, ruin; breaking, destruction.	h7670
h7679	saw-gaw'	שָׂגָא	sâgâʼ	; a primitive root; to grow, i.e. (causatively) to enlarge, (figuratively) laud; increase, magnify.	h7679
h7678	shab-beth-ah'-ee	שַׁבְּתַי	Shabbᵉthay	from {{h7676}}; restful; Shabbethai, the name of three Israelites; Shabbethai.	h7678
h7660	shaw-bats'	שָׁבַץ	shâbats	a primitive root; to interweave (colored) threads in squares; by implication (of reticulation) to inchase gems in gold; embroider, set.	h7660
h7661	shaw-bawts'	שָׁבָץ	shâbâts	from {{h7660}}; entanglement, i.e. (figuratively) perplexity; anguish.	h7661
h7662	sheb-ak'	שְׁבַק	shᵉbaq	(Aramaic) corresponding to the root of {{h7733}}; to quit, i.e. allow to remain; leave, let alone.	h7662
h7663	saw-bar'	שָׂבַר	sâbar	erroneously שָׁבַר; (Nehemiah 2:13,15), a primitive root; to scrutinize; by implication (of watching) to expect (with hope and patience); hope, tarry, view, wait.	h7663
h7664	say'-ber	שֵׂבֶר	sêber	from {{h7663}}; expectation; hope.	h7664
h7665	shaw-bar'	שָׁבַר	shâbar	a primitive root; to burst (literally or figuratively); break (down, off, in pieces, up), broken (-hearted), bring to the birth, crush, destroy, hurt, quench, × quite, tear, view (by mistake for {{h7663}}).	h7665
h7666	shaw-bar'	שָׁבַר	shâbar	denominative from {{h7668}}; to deal in grain; buy, sell.	h7666
h7667	sheh'-ber	שֶׁבֶר	sheber	or שֵׁבֶר; from {{h7665}}; a fracture, figuratively, ruin; specifically, a solution (of a dream); affliction, breach, breaking, broken(-footed, -handed), bruise, crashing, destruction, hurt, interpretation, vexation.	h7667
h7668	sheh'-ber	שֶׁבֶר	sheber	the same as {{h7667}}; grain (as if broken into kernels); corn, victuals.	h7668
h7669	sheh'-ber	שֶׁבֶר	Sheber	the same as {{h7667}}; Sheber, an Israelite; Sheber.	h7669
