Key	Pronunciation	Lexeme	Transliteration	Definition	StrongsNumber
h7958	sel-awv'	שְׂלָו	sᵉlâv	or שְׂלָיו; by orthographical variation from {{h7951}} through the idea of sluggishness; the quail collectively (as slow in flight from its weight); quails.	h7958
h7959	sheh'-lev	שֶׁלֶו	shelev	from {{h7951}}; security; prosperity.	h7959
h7956	shay-law'	שֵׁלָה	Shêlâh	the same as {{h7596}} (shortened); request; Shelah, the name of a postdiluvian patriarch and of an Israelite; Shelah.	h7956
h7957	shal-heh'-beth	שַׁלְהֶבֶת	shalhebeth	from the same as {{h3851}} with sibilant prefix; a flare of fire; (flaming) flame.	h7957
h7954	shel-aw'	שְׁלָה	shᵉlâh	(Aramaic) corresponding to {{h7951}}; to be secure; at rest.	h7954
h7955	shaw-law'	שָׁלָה	shâlâh	(Aramaic) from a root corresponding to {{h7952}}; a wrong; thing amiss.	h7955
h7952	shaw-law'	שָׁלָה	shâlâh	a primitive root (probably identical with {{h7953}} through the idea of educing); to mislead; deceive, be negligent.	h7952
h7953	shaw-law'	שָׁלָה	shâlâh	a primitive root (rather cognate (by contraction) to the base of {{h5394}}, {{h7997}} and their congeners through the idea of extracting); to draw out or off, i.e. remove (the soul by death); take away.	h7953
h7950	sheh'-leg	שֶׁלֶג	sheleg	from {{h7949}}; snow (probably from its whiteness); snow(-y).	h7950
h7951	shaw-law'	שָׁלָה	shâlâh	or שָׁלַו; (Job 3:26), a primitive root; to be tranquil, i.e. secure or successful; be happy, prosper, be in safety.	h7951
h7969	shaw-loshe'	שָׁלוֹשׁ	shâlôwsh	or שָׁלֹשׁ; masculine שְׁלוֹשָׁה; or שְׁלֹשָׁה; a primitive number; three; occasionally (ordinal) third, or (multiple) thrice; fork,   often(-times), third, thir(-teen, -teenth), three,   thrice. Compare {{h7991}}.	h7969
h7968	shal-loon'	שַׁלּוּן	Shallûwn	probably for {{h7967}}; Shallun, an Israelite; Shallum.	h7968
h7963	shel-ay-vaw'	שְׁלֵוָה	shᵉlêvâh	(Aramaic) corresponding to {{h7962}}; safety; tranquillity. See also {{h7961}}.	h7963
h7962	shal-vaw'	שַׁלְוָה	shalvâh	from {{h7951}}; security (genuine or false); abundance, peace(-ably), prosperity, quietness.	h7962
h7961	shaw-lave'	שָׁלֵו	shâlêv	or שָׁלֵיו; feminine שְׁלֵוָה; from {{h7951}}; tranquil; (in a bad sense) careless; abstractly, security; (being) at ease, peaceable, (in) prosper(-ity), quiet(-ness), wealthy.	h7961
h7960	shaw-loo'	שָׁלוּ	shâlûw	(Aramaic) or שָׁלוּת; (Aramaic), from the same as {{h7955}}; a fault; error, × fail, thing amiss.	h7960
h7967	shal-loom'	שַׁלּוּם	Shallûwm	or (shorter) שַׁלֻּם; the same as {{h7966}}; Shallum, the name of fourteen Israelites; Shallum.	h7967
h7966	shil-loom'	שִׁלּוּם	shillûwm	or שִׁלֻּם; from {{h7999}}; a requital, i.e. (secure) retribution, (venal) a fee; recompense, reward.	h7966
h7965	shaw-lome'	שָׁלוֹם	shâlôwm	or שָׁלֹם; from {{h7999}}; safe, i.e. (figuratively) well, happy, friendly; also (abstractly) welfare, i.e. health, prosperity, peace; × do, familiar, × fare, favour,   friend, × great, (good) health, (× perfect, such as be at) peace(-able, -ably), prosper(-ity, -ous), rest, safe(-ty), salute, welfare, (× all is, be) well, × wholly.	h7965
h7964	shil-loo'-akh	שִׁלּוּחַ	shillûwach	or שִׁלֻּחַ; from {{h7971}}; (only in plural) a dismissal, i.e. (of a wife) divorce (especially the document); also (of a daughter) dower; presents, have sent back.	h7964
h7974	sheh'-lakh	שֶׁלַח	Shelach	the same as {{h7973}}; Shelach, a postdiluvian patriarch; Salah, Shelah. Compare {{h7975}}.	h7974
h7975	shee-lo'-akh	שִׁלֹחַ	Shilôach	or (in imitation of {{h7974}}) שֶׁלַח; (Nehemiah 3:15), from {{h7971}}; rill; Shiloach, a fountain of Jerusalem; Shiloah, Siloah.	h7975
h7976	shil-loo-khaw'	שִׁלֻּחָה	shilluchâh	feminine of {{h7964}}; a shoot; branch.	h7976
h7977	shil-khee'	שִׁלְחִי	Shilchîy	from {{h7973}}; missive, i.e. armed; Shilchi, an Israelite; Shilhi.	h7977
h7970	shel-o-sheem'	שְׁלוֹשִׁים	shᵉlôwshîym	or שְׁלֹשִׁים; multiple of {{h7969}}; thirty; or (ordinal) thirtieth; thirty, thirtieth. Compare {{h7991}}.	h7970
h7971	shaw-lakh'	שָׁלַח	shâlach	a primitive root; to send away, for, or out (in a great variety of applications); × any wise, appoint, bring (on the way), cast (away, out), conduct, × earnestly, forsake, give (up), grow long, lay, leave, let depart (down, go, loose), push away, put (away, forth, in, out), reach forth, send (away, forth, out), set, shoot (forth, out), sow, spread, stretch forth (out).	h7971
h7972	shel-akh'	שְׁלַח	shᵉlach	(Aramaic) corresponding to {{h7971}}; put, send.	h7972
h7973	sheh'-lakh	שֶׁלַח	shelach	from {{h7971}}; a missile of attack, i.e. spear; also (figuratively) a shoot of growth; i.e. branch; dart, plant, × put off, sword, weapon.	h7973
h7978	shil-kheem'	שִׁלְחִים	Shilchîym	plural of {{h7973}}; javelins or sprouts; Shilchim, a place in Palestine; Shilhim.	h7978
h7979	shool-khawn'	שֻׁלְחָן	shulchân	from {{h7971}}; a table (as spread out); by implication, a meal; table.	h7979
h7901	shaw-kab'	שָׁכַב	shâkab	a primitive root; to lie down (for rest, sexual connection, decease or any other purpose); × at all, cast down, (lover-)lay (self) (down), (make to) lie (down, down to sleep, still with), lodge, ravish, take rest, sleep, stay.	h7901
h7903	shek-o'-beth	שְׁכֹבֶת	shᵉkôbeth	from {{h7901}}; a (sexual) lying with; × lie.	h7903
h7902	shek-aw-baw'	שְׁכָבָה	shᵉkâbâh	from {{h7901}}; a lying down (of dew, or for the sexual act); × carnally, copulation, × lay, seed.	h7902
h7905	sook-kaw'	שֻׂכָּה	sukkâh	feminine of {{h7900}} in the sense of {{h7899}}; a dart (as pointed like a thorn); barbed iron.	h7905
h7904	shaw-kaw'	שָׁכָה	shâkâh	a primitive root; to roam (through lust); in the morning (by mistake for {{h7925}}).	h7904
h7907	sek-vee'	שֶׂכְוִי	sekvîy	from the same as {{h7906}}; observant, i.e. (concretely) the mind; heart.	h7907
h7906	say'-koo	שֵׂכוּ	Sêkûw	from an unused root apparently meaning to surmount; an observatory (with the article); Seku, a place in Palestine; Sechu.	h7906
h7909	shak-kool'	שַׁכּוּל	shakkûwl	or שַׁכֻּל; from {{h7921}}; bereaved; barren, bereaved (robbed) of children (whelps).	h7909
h7908	shek-ole'	שְׁכוֹל	shᵉkôwl	infinitive of {{h7921}}; bereavement; loss of children, spoiling.	h7908
h7989	shal-leet'	שַׁלִּיט	shallîyṭ	from {{h7980}}; potent; concretely, a prince or warrior; governor, mighty, that hath power, ruler.	h7989
h7988	shil-yaw'	שִׁלְיָה	shilyâh	feminine from {{h7953}}; a fetus or babe (as extruded in birth); young one.	h7988
h7981	shel-ate'	שְׁלֵט	shᵉlêṭ	(Aramaic) corresponding to {{h7980}}; have the mastery, have power, bear rule, be (make) ruler.	h7981
h7980	shaw-lat'	שָׁלַט	shâlaṭ	a primitive root; to dominate, i.e. govern; by implication, to permit; (bear, have) rule, have dominion, give (have) power.	h7980
h7983	shil-tone'	שִׁלְטוֹן	shilṭôwn	from {{h7980}}; a potentate; power.	h7983
h7982	sheh'-let	שֶׁלֶט	sheleṭ	from {{h7980}}; probably a shield (as controlling, i.e. protecting the person); shield.	h7982
h7985	shol-tawn'	שׇׁלְטָן	sholṭân	(Aramaic) from {{h7981}}; empire (abstractly or concretely); dominion.	h7985
h7984	shil-tone'	שִׁלְטוֹן	shilṭôwn	(Aramaic) or שִׁלְטֹןlemma שִׁלְטן missing vowel, corrected to שִׁלְטֹן; corresponding to {{h7983}}; ruler.	h7984
h7987	shel-ee'	שְׁלִי	shᵉlîy	from {{h7951}}; privacy; quietly.	h7987
h7986	shal-leh'-teth	שַׁלֶּטֶת	shalleṭeth	feminine from {{h7980}}; a vixen; imperious.	h7986
h7912	shek-akh'	שְׁכַח	shᵉkach	(Aramaic) corresponding to {{h7911}} through the idea of disclosure of a covered or forgotten thing; to discover (literally or figuratively); find.	h7912
h7913	shaw-kay'-akh	שָׁכֵחַ	shâkêach	from {{h7911}}; oblivious; forget.	h7913
h7910	shik-kore'	שִׁכּוֹר	shikkôwr	or שִׁכֹּר; from {{h7937}}; intoxicated, as a state or a habit; drunk(-ard, -en, -en man).	h7910
h7911	shaw-kakh'	שָׁכַח	shâkach	or שָׁכֵחַ; a primitive root; to mislay, i.e. to be oblivious of, from want of memory or attention; × at all, (cause to) forget.	h7911
h7916	saw-keer'	שָׂכִיר	sâkîyr	"from {{h7936}}; a man at wages	by the day or year; hired (man, servant), hireling."	h7916
h7917	sek-ee-raw'	שְׂכִירָה	sᵉkîyrâh	feminine of {{h7916}}; a hiring; that is hired.	h7917
h7914	sek-ee-yaw'	שְׂכִיָּה	sᵉkîyâh	feminine from the same as {{h7906}}; a conspicuous object; picture.	h7914
h7915	sak-keen'	שַׂכִּין	sakkîyn	intensive perhaps from the same as {{h7906}} in the sense of {{h7753}}; a knife (as pointed or edged); knife.	h7915
h7918	shaw-kak'	שָׁכַךְ	shâkak	a primitive root; to weave (i.e. lay) a trap; figuratively, (through the idea of secreting) to allay (passions; physically, abate a flood); appease, assuage, make to cease, pacify, set.	h7918
h7919	saw-kal'	שָׂכַל	sâkal	a primitive root; to be (causatively, make or act) circumspect and hence, intelligent; consider, expert, instruct, prosper, (deal) prudent(-ly), (give) skill(-ful), have good success, teach, (have, make to) understand(-ing), wisdom, (be, behave self, consider, make) wise(-ly), guide wittingly.	h7919
h7998	shaw-lawl'	שָׁלָל	shâlâl	from {{h7997}}; booty; prey, spoil.	h7998
h7999	shaw-lam'	שָׁלַם	shâlam	a primitive root; to be safe (in mind, body or estate); figuratively, to be (causatively, make) completed; by implication, to be friendly; by extension, to reciprocate (in various applications); make amends, (make an) end, finish, full, give again, make good, (re-) pay (again), (make) (to) (be at) peace(-able), that is perfect, perform, (make) prosper(-ous), recompense, render, requite, make restitution, restore, reward, × surely.	h7999
h7992	shel-ee-shee'	שְׁלִישִׁי	shᵉlîyshîy	ordinal from {{h7969}}; third; feminine a third (part); by extension, a third (day, year or time); specifically, a third-story cell); third (part, rank, time), three (years old).	h7992
h7993	shaw-lak	שָׁלַךְ	shâlak	a primitive root; to throw out, down or away (literally or figuratively); adventure, cast (away, down, forth, off, out), hurl, pluck, throw.	h7993
h7990	shal-leet'	שַׁלִּיט	shallîyṭ	(Aramaic) corresponding to {{h7989}}; mighty; abstractly, permission; concretely, a premier; captain, be lawful, rule(-r).	h7990
h7991	shaw-leesh'	שָׁלִישׁ	shâlîysh	or שָׁלוֹשׁ; (1 Chronicles 11:11; 1 Chronicles 12:18), or שָׁלֹשׁ; (2 Samuel 23:13), from {{h7969}}; a triple, i.e. (as a musical instrument) a triangle (or perhaps rather three-stringed lute); also (as an indefinite, great quantity) a three-fold measure (perhaps a treble ephah); also (as an officer) a general of the third rank (upward, i.e. the highest); captain, instrument of musick, (great) lord, (great) measure, prince, three (from the margin).	h7991
h7996	shal-leh'-keth	שַׁלֶּכֶת	Shalleketh	the same as {{h7995}}; Shalleketh, a gate in Jerusalem; Shalleketh.	h7996
h7997	shaw-lal'	שָׁלַל	shâlal	a primitive root; to drop or strip; by implication, to plunder; let fall, make self a prey, × of purpose, (make a, (take)) spoil.	h7997
h7994	shaw-lawk'	שָׁלָךְ	shâlâk	from {{h7993}}; bird of prey, usually thought to be the pelican (from casting itself into the sea); cormorant.	h7994
h7995	shal-leh'-keth	שַׁלֶּכֶת	shalleketh	from {{h7993}}; a felling (of trees); when cast.	h7995
h7929	shik-maw'	שִׁכְמָה	shikmâh	feminine of {{h7926}}; the shoulderbone; shoulder blade.	h7929
h7928	sheh'-kem	שֶׁכֶם	Shekem	for {{h7926}}; Shekem, the name of a Hivite and two Israelites; Shechem.	h7928
h7927	shek-em'	שְׁכֶם	Shᵉkem	the same as {{h7926}}; ridge; Shekem, a place in Palestine; Shechem.	h7927
h7926	shek-em'	שְׁכֶם	shᵉkem	from {{h7925}}; the neck (between the shoulders) as the place of burdens; figuratively, the spur of a hill; back, × consent, portion, shoulder.	h7926
h7925	shaw-kam'	שָׁכַם	shâkam	a primitive root; properly, to incline (the shoulder to a burden); but used only as denominative from {{h7926}}; literally, to load up (on the back of man or beast), i.e. to start early in the morning; (arise, be up, get (oneself) up, rise up) early (betimes), morning.	h7925
h7924	sok-leth-aw-noo'	שׇׂכְלְתָנוּ	soklᵉthânûw	(Aramaic) from {{h7920}}; intelligence; understanding.	h7924
h7923	shik-koo-leem'	שִׁכֻּלִים	shikkulîym	plural from {{h7921}}; childlessness (by continued bereavements); to have after loss of others.	h7923
h7922	seh'-kel	שֶׂכֶל	sekel	or שֵׂכֶל; from {{h7919}}; intelligence; by implication, success; discretion, knowledge, policy, prudence, sense, understanding, wisdom, wise.	h7922
h7921	shaw-kole'	שָׁכֹל	shâkôl	a primitive root; properly, to miscarry, i.e. suffer abortion; by analogy, to bereave (literally or figuratively); bereave (of children), barren, cast calf (fruit, young), be (make) childless, deprive, destroy, × expect, lose children, miscarry, rob of children, spoil.	h7921
h7920	sek-al'	שְׂכַל	sᵉkal	(Aramaic) corresponding to {{h7919}}; consider.	h7920
h7938	seh'-ker	שֶׂכֶר	seker	from {{h7936}}; wages; reward, sluices.	h7938
h7939	saw-kawr'	שָׂכָר	sâkâr	from {{h7936}}; payment of contract; concretely, salary, fare, maintenance; by implication, compensation, benefit; hire, price, reward(-ed), wages, worth.	h7939
h8000	shel-am'	שְׁלַם	shᵉlam	(Aramaic) corresponding to {{h7999}}; to complete, to restore; deliver, finish.	h8000
h7930	shik-mee'	שִׁכְמִי	Shikmîy	patronymic from {{h7928}}; a Shikmite (collectively), or descendants of Shekem; Shichemites.	h7930
h7931	shaw-kan'	שָׁכַן	shâkan	a primitive root (apparently akin (by transmission) to {{h7901}} through the idea of lodging; compare {{h5531}}, {{h7925}}); to reside or permanently stay (literally or figuratively); abide, continue, (cause to, make to) dwell(-er), have habitation, inhabit, lay, place, (cause to) remain, rest, set (up).	h7931
h7932	shek-an'	שְׁכַן	shᵉkan	(Aramaic) corresponding to {{h7931}}; cause to dwell, have habitation.	h7932
h7933	sheh'-ken	שֶׁכֶן	sheken	from {{h7931}}; a residence; habitation.	h7933
h7934	shaw-kane'	שָׁכֵן	shâkên	from {{h7931}}; a resident; by extension, a fellow-citizen; inhabitant, neighbour, nigh.	h7934
h7935	shek-an-yaw'	שְׁכַנְיָה	Shᵉkanyâh	or (prolonged) שְׁכַנְיָהוּ; from {{h7931}} and {{h3050}}; Jah has dwelt; Shekanjah, the name of nine Israelites; Shecaniah, Shechaniah.	h7935
h7936	saw-kar'	שָׂכַר	sâkar	or (by permutation) סָכַר; (Ezra 4:5), a primitive root (apparently akin (by prosthesis) to {{h3739}} through the idea of temporary purchase; compare {{h7937}}); to hire; earn wages, hire (out self), reward, × surely.	h7936
h7937	shaw-kar'	שָׁכַר	shâkar	a primitive root; to become tipsy; in a qualified sense, to satiate with a stimulating drink or (figuratively) influence; (be filled with) drink (abundantly), (be, make) drunk(-en), be merry. (Superlative of {{h8248}}.)	h7937
h7949	shaw-lag'	שָׁלַג	shâlag	a primitive root; properly, meaning to be white; used only as denominative from {{h7950}}; to be snow-white (with the linen clothing of the slain); be as snow.	h7949
h7948	shaw-lawb'	שָׁלָב	shâlâb	from {{h7947}}; a spacer or raised interval, i.e. the stile in a frame or panel; ledge.	h7948
h7945	shel	שֶׁל	shel	for the rel. {{h834}}; used with prepositional prefix, and often followed by some pronominal affix; on account of, whatsoever, whichsoever; cause, sake.	h7945
h7944	shal	שַׁל	shal	from {{h7952}} abbreviated form; a fault; error.	h7944
h7947	shaw-lab'	שָׁלַב	shâlab	a primitive root; to space off; intensive (evenly) to make equi-distant; equally distant, set in order.	h7947
h7946	shal-an-awn'	שַׁלְאֲנָן	shalʼănân	for {{h7600}}; tranquil; being at ease.	h7946
h7941	shay-kawr'	שֵׁכָר	shêkâr	from {{h7937}}; an intoxicant, i.e. intensely alcoholic liquor; strong drink,   drunkard, strong wine.	h7941
h7940	saw-kar'	שָׂכָר	Sâkâr	the same as {{h7939}}; recompense; Sakar, the name of two Israelites; Sacar.	h7940
h7943	shik-kaw-rone'	שִׁכָּרוֹן	shikkârôwn	from {{h7937}}; intoxication; (be) drunken(-ness).	h7943
h7942	shik-ker-one'	שִׁכְּרוֹן	Shikkᵉrôwn	for {{h7943}}; drunkenness, Shikkeron, a place in Palestine; Shicron.	h7942
