Key	Pronunciation	Lexeme	Transliteration	Definition	StrongsNumber
h8603	to'-fel	תֹּפֶל	Tôphel	from the same as {{h8602}}; quagmire; Tophel, a place near the Desert; Tophel.	h8603
h8602	taw-fale'	תָּפֵל	tâphêl	from an unused root meaning to smear; plaster (as gummy) or slime; (figuratively) frivolity; foolish things, unsavoury, untempered.	h8602
h8601	too-feen'	תֻּפִין	tuphîyn	from {{h644}}; cookery, i.e. (concretely) a cake; baked piece.	h8601
h8626	taw-kan'	תָּקַן	tâqan	a primitive root; to equalize, i.e. straighten (intransitive or transitive); figuratively, to compose; set in order, make straight.	h8626
h8607	tif-sakh'	תִּפְסַח	Tiphçach	from {{h6452}}; ford; Tiphsach, a place in Mesopotamia; Tipsah.	h8607
h8606	tif-leh'-tseth	תִּפְלֶצֶת	tiphletseth	from {{h6426}}; fearfulness; terrible.	h8606
h8605	tef-il-law'	תְּפִלָּה	tᵉphillâh	from {{h6419}}; intercession, supplication; by implication, a hymn; prayer.	h8605
h8604	tif-law'	תִּפְלָה	tiphlâh	from the same as {{h8602}}; frivolity; folly, foolishly.	h8604
h8661	tar-tawn'	תַּרְתָּן	Tartân	of foreign derivation; Tartan, an Assyrian; Tartan.	h8661
h8660	teer-shaw-thaw'	תִּרְשָׁתָא	Tirshâthâʼ	of foreign derivation; the title of a Persian deputy or governor; Tirshatha.	h8660
h8609	taw-far'	תָּפַר	tâphar	a primitive root; to sew; (women that) sew (together).	h8609
h8608	taw-faf'	תָּפַף	tâphaph	a primitive root; to drum, i.e. play (as) on the tambourine; taber, play with timbrels.	h8608
h8629	tay-kah'	תֵּקַע	têqaʻ	from {{h8628}}; a blast of a trumpet; sound.	h8629
h8627	tek-an'	תְּקַן	tᵉqan	(Aramaic) corresponding to {{h8626}}; to straighten up, i.e. confirm; establish.	h8627
h8667	tes-oo-meth'	תְּשׂוּמֶת	tᵉsûwmeth	from {{h7760}}; a deposit, i.e. pledging; fellowship.	h8667
h8666	tesh-oo-baw'	תְּשׁוּבָה	tᵉshûwbâh	or תְּשֻׁבָה; from {{h7725}}; a recurrence (of time or place); a reply (as returned); answer, be expired, return.	h8666
h8621	tek-o-ee'	תְּקוֹעִי	Tᵉqôwʻîy	or תְּקֹעִי; patronymically from {{h8620}}; a Tekoite or inhabitant of Tekoah; Tekoite.	h8621
h8620	tek-o'-ah	תְּקוֹעַ	Tᵉqôwaʻ	a form of {{h8619}}; Tekoa, a place in Palestine; Tekoa, Tekoah.	h8620
h8668	tesh-oo-aw'	תְּשׁוּעָה	tᵉshûwʻâh	or תְּשֻׁעָה; from {{h7768}} in the sense of {{h3467}}; rescue (literal or figurative, persons, national or spiritual); deliverance, help, safety, salvation, victory.	h8668
h8623	tak-keef'	תַּקִּיף	taqqîyph	from {{h8630}}; powerful; mightier.	h8623
h8673	tish-eem'	תִּשְׁעִים	tishʻîym	multiple from {{h8672}}; ninety; ninety.	h8673
h8657	teh'-resh	תֶּרֶשׁ	Teresh	of foreign derivation; Teresh, a eunuch of Xerxes; Teresh.	h8657
h8672	tay'-shah	תֵּשַׁע	têshaʻ	or (masculine) תִּשְׁעָה; perhaps from {{h8159}} through the idea of a turn to the next or full number ten; nine or (ordinal) ninth; nine (  -teen,   -teenth, -th).	h8672
h8622	tek-oo-faw'	תְּקוּפָה	tᵉqûwphâh	or תְּקֻפָה; from {{h5362}}; a revolution, i.e. (of the sun) course, (of time) lapse; circuit, come about, end.	h8622
h8650	to'-ren	תֹּרֶן	tôren	probably for {{h766}}; a pole (as a mast or flagstaff); beacon, mast.	h8650
h8651	ter-ah'	תְּרַע	tᵉraʻ	(Aramaic) corresponding to {{h8179}}; a door; by implication, a palace; gate mouth.	h8651
h8652	taw-raw'	תָּרָע	târâʻ	(Aramaic) from {{h8651}}; a doorkeeper; porter.	h8652
h8653	tar-ay-law'	תַּרְעֵלָה	tarʻêlâh	from {{h7477}}; reeling; astonishment, trembling.	h8653
h8654	teer-aw-thee'	תִּרְעָתִי	Tirʻâthîy	patrial from an unused name meaning gate; a Tirathite or inhabitant of an unknown Tirah; Tirathite.	h8654
h8655	ter-aw-feme'	תְּרָפִים	tᵉrâphîym	plural from {{h7495}}; a healer; Teraphim (singular or plural) a family idol; idols(-atry), images, teraphim.	h8655
h8656	teer-tsaw'	תִּרְצָה	Tirtsâh	from {{h7521}}; delightsomeness; Tirtsah, a place in Palestine; also an Israelitess; Tirzah.	h8656
h8632	tek-ofe'	תְּקֹף	tᵉqôph	(Aramaic) corresponding to {{h8633}}; power; might, strength.	h8632
h8658	tar-sheesh'	תַּרְשִׁישׁ	tarshîysh	probably of foreign derivation (compare {{h8659}}); a gem, perhaps the topaz; beryl.	h8658
h8659	tar-sheesh'	תַּרְשִׁישׁ	Tarshîysh	probably the same as {{h8658}} (as the region of the stone, or the reverse); Tarshish, a place on the Mediterranean, hence, the ephithet of a merchant vessel (as if for or from that port); also the name of a Persian and of an Israelite; Tarshish, Tharshish.	h8659
h8674	tat-ten-ah'-ee	תַּתְּנַי	Tattᵉnay	of foreign derivation; Tattenai, a Persian; Tatnai.	h8674
h8663	tesh-oo-aw'	תְּשֻׁאָה	tᵉshuʼâh	from {{h7722}}; a crashing or loud clamor; crying, noise, shouting, stir.	h8663
h8625	tek-al'	תְּקַל	tᵉqal	(Aramaic) corresponding to {{h8254}}; to balance; Tekel, be weighed.	h8625
h8636	tar-beeth'	תַּרְבִּית	tarbîyth	from {{h7235}}; multiplication, i.e. percentage or bonus in addition to principal; increase, unjust gain.	h8636
h8637	teer-gal'	תִּרְגַּל	tirgal	a denominative from {{h7270}}; to cause to walk; teach to go.	h8637
h8634	tar-al-aw'	תַּרְאֲלָה	Tarʼălâh	probably for {{h8653}}; a reeling; Taralah, a place in Palestine; Taralah.	h8634
h8635	tar-booth'	תַּרְבּוּת	tarbûwth	from {{h7235}}; multiplication, i.e. progeny; increase.	h8635
h8618	tek-o-mame'	תְּקוֹמֵם	tᵉqôwmêm	from {{h6965}}; an opponent; rise up against.	h8618
h8619	taw-ko'-ah	תָּקוֹעַ	tâqôwaʻ	from {{h8628}} (in the musical sense); a trumpet; trumpet.	h8619
h8630	taw-kaf'	תָּקַף	tâqaph	a primitive root; to overpower; prevail (against).	h8630
h8631	tek-afe'	תְּקֵף	tᵉqêph	(Aramaic) corresponding to {{h8630}}; to become (causatively, make) mighty or (figuratively) obstinate; make firm, harden, be(-come) strong.	h8631
h8614	tif-tah'-ee	תִּפְתַּי	tiphtay	(Aramaic) perhaps from {{h8199}}; judicial, i.e. a lawyer; sheriff.	h8614
h8615	tik-vaw'	תִּקְוָה	tiqvâh	from {{h6960}}; (compare {{h6961}}); literally a cord (as an attachment); figuratively, expectancy; expectation(-ted), hope, live, thing that I long for.	h8615
h8616	tik-vaw'	תִּקְוָה	Tiqvâh	the same as {{h8615}}; Tikvah, the name of two Israelites; Tikvah.	h8616
h8617	tek-oo-maw'	תְּקוּמָה	tᵉqûwmâh	from {{h6965}}; resistfulness; power to stand.	h8617
h8610	taw-fas'	תָּפַשׂ	tâphas	a primitive root; to manipulate, i.e. seize; chiefly to capture, wield, specifically, to overlay; figuratively, to use unwarrantably; catch, handle, (lay, take) hold (on, over), stop, × surely, surprise, take.	h8610
h8611	to'-feth	תֹּפֶת	tôpheth	from the base of {{h8608}}; a smiting, i.e. (figuratively) contempt; tabret.	h8611
h8612	to'-feth	תֹּפֶת	Tôpheth	the same as {{h8611}}; Topheth, a place near Jerusalem; Tophet, Topheth.	h8612
h8613	tof-teh'	תׇּפְתֶּה	Tophteh	probably a form of {{h8612}}; Tophteh, a place of cremation; Tophet.	h8613
h8662	tar-tawk'	תַּרְתָּק	Tartâq	of foreign derivation; Tartak, a deity of the Avvites; Tartak.	h8662
h8628	taw-kah'	תָּקַע	tâqaʻ	a primitive root; to clatter, i.e. slap (the hands together), clang (an instrument); by analogy, to drive (a nail or tent-pin, a dart, etc.); by implication, to become bondsman by handclasping); blow (a trumpet), cast, clap, fasten, pitch (tent), smite, sound, strike, × suretiship, thrust.	h8628
h8638	teer-gam'	תִּרְגַּם	tirgam	a denominative from {{h7275}} in the sense of throwing over; to transfer, i.e. translate; interpret.	h8638
h8639	tar-day-maw'	תַּרְדֵּמָה	tardêmâh	from {{h7290}}; a lethargy or (by implication) trance; deep sleep.	h8639
h8624	tak-keef'	תַּקִּיף	taqqîyph	(Aramaic) corresponding to {{h8623}}; mighty, strong.	h8624
h8669	tesh-oo-kaw'	תְּשׁוּקָה	tᵉshûwqâh	from {{h7783}} in the original sense of stretching out after; a longing; desire.	h8669
h8671	tesh-ee-ee'	תְּשִׁיעִי	tᵉshîyʻîy	ordinal from {{h8672}}; ninth; ninth.	h8671
h8670	tesh-oo-raw'	תְּשׁוּרָה	tᵉshûwrâh	from {{h7788}} in the sense of arrival; a gift; present.	h8670
h8633	to'-kef	תֹּקֶף	tôqeph	from {{h8630}}; might or (figuratively) positiveness; authority, power, strength.	h8633
h8665	tash-bates'	תַּשְׁבֵּץ	tashbêts	from {{h7660}}; checkered stuff (as reticulated); broidered.	h8665
h8647	teer-khan-aw'	תִּרְחֲנָה	Tirchănâh	of uncertain derivation; Tirchanah, an Israelite; Tirhanah.	h8647
h8646	teh'-rakh	תֶּרַח	Terach	of uncertain derivation; Terach, the father of Abraham; also a place in the Desert; Tarah, Terah.	h8646
h8645	teer-zaw'	תִּרְזָה	tirzâh	probably from {{h7329}}; a species of tree (apparently from its slenderness), perhaps the cypress; cypress.	h8645
h8644	ter-oo-faw'	תְּרוּפָה	tᵉrûwphâh	from {{h7322}} in the sense of its congener {{h7495}}; a remedy; medicine.	h8644
h8643	ter-oo-aw'	תְּרוּעָה	tᵉrûwʻâh	from {{h7321}}; clamor, i.e. acclamation of joy or a battle-cry; especially clangor of trumpets, as an alarum; alarm, blow(-ing) (of, the) (trumpets), joy, jubile, loud noise, rejoicing, shout(-ing), (high, joyful) sound(-ing).	h8643
h8642	ter-oo-mee-yaw'	תְּרוּמִיָּה	tᵉrûwmîyâh	formed as {{h8641}}; a sacrificial offering; oblation.	h8642
h8641	ter-oo-maw'	תְּרוּמָה	tᵉrûwmâh	or תְּרֻמָה; (Deuteronomy 12:11), from {{h7311}}; a present (as offered up), especially in sacrifice or as tribute; gift, heave offering (shoulder), oblation, offered(-ing).	h8641
h8640	teer-haw'-kaw	תִּרְהָקָה	Tirhâqâh	of foreign derivation; Tirhakah, a king of Kush; Tirhakah.	h8640
h8664	tish-bee'	תִּשְׁבִּי	Tishbîy	patrial from an unused name meaning recourse; a Tishbite or inhabitant of Tishbeh (in Gilead); Tishbite.	h8664
h8649	tor-maw'	תׇּרְמָה	tormâh	and תַּרְמוּת; or תַּרְמִית; from {{h7411}}; fraud; deceit(-ful), privily.	h8649
h8648	ter-ane'	תְּרֵין	tᵉrêyn	(Aramaic) feminine תַּרְתֵּין; corresponding to {{h8147}}; two; second,   twelve, two.	h8648
